prefab,game_object,psys_id,duration,looping,emit_rate,lifetime,speed,size,gravity,shape,shape_type,shape_radius,shape_angle,color_over_lifetime,size_over_lifetime,velocity_over_lifetime,rotation_over_lifetime,texture_sheet,materials,textures,voxen_texture_indices,renderer_mode,renderer_length_scale,trail_lifetime,trail_width,features,unsupported
Assets/Resources/Prefabs/TargetIDInstance.prefab,TargetIDInstance,5266519303960906697,1,1,0,1,0,1.2,0,point,0,1,25,off,off,off,off,off,ef_nodamageindicatoroverlay,nodamage.png,1051,0,2,off,off,,
Assets/Resources/Prefabs/chunk_grove1_1.prefab,ef_mist_gentle (2),99338776619937795,120,1,curve[0:3;0.090879:3;0.13166:0;0.96206:0;1:3],3.5..20,0.4..0.5,1,0.01..0.03,cone,2,0.08,15,"c0:(0.16037738,0.16037738,0.16037738,0.6901961);a0:0.6901961;c1:(0.41509432,0.41509432,0.41509432,0.073771626);a0.15:0.073771626;a1:0",curve[0:0;1:6],x:0;y:0;z:0,off,off,ef_particlewaterspray_reduced,ParticleCloudWhiteReduced.png,583,0,2,off,off,shape:cone,shape distribution/rotation; separate color/alpha key timing
Assets/Resources/Prefabs/chunk_grove1_1.prefab,ef_mist_gentle (1),5538543746463778847,120,1,curve[0:3;0.090879:3;0.13166:0;0.96206:0;1:3],3.5..20,0.4..0.5,1,0.01..0.03,cone,2,0.08,15,"c0:(0.16037738,0.16037738,0.16037738,0.6901961);a0:0.6901961;c1:(0.41509432,0.41509432,0.41509432,0.073771626);a0.15:0.073771626;a1:0",curve[0:0;1:6],x:0;y:0;z:0,off,off,ef_particlewaterspray_reduced,ParticleCloudWhiteReduced.png,583,0,2,off,off,shape:cone,shape distribution/rotation; separate color/alpha key timing
Assets/Resources/Prefabs/chunk_grove1_1.prefab,ef_mist_gentle,2431140081011145492,120,1,curve[0:3;0.090879:3;0.13166:0;0.96206:0;1:3],3.5..20,0.4..0.5,1,0.01..0.03,cone,2,0.08,15,"c0:(0.16037738,0.16037738,0.16037738,0.6901961);a0:0.6901961;c1:(0.41509432,0.41509432,0.41509432,0.073771626);a0.15:0.073771626;a1:0",curve[0:0;1:6],x:0;y:0;z:0,off,off,ef_particlewaterspray_reduced,ParticleCloudWhiteReduced.png,583,0,2,off,off,shape:cone,shape distribution/rotation; separate color/alpha key timing
Assets/Resources/Prefabs/chunk_screen.prefab,bitsburst (1),3949759465575324704,1.5,0,0,0.8..1.2,5..10,0.02..0.05,2,cone,2,1.28,60,"c0:(0.9150943,0.7122673,0.58272517,1);a0:1;c0.98824:(0.9150943,0.7122673,0.58272517,0);a1:0",off,off,off,off,ef_onepixel,onepixel.png,579,0,2,off,off,shape:cone,shape distribution/rotation
Assets/Resources/Prefabs/chunk_screen.prefab,glassbursteffect,884382040095548843,1.5,0,0,0.2..0.8,3..8,0.05..0.2,0.5,cone,2,1.28,60,"c0:(1,1,1,1);a0:1;c1:(1,1,1,0);a1:0",off,off,off,off,ef_camerabits,BurstTiny.png,69,0,2,off,off,shape:cone,shape distribution/rotation
Assets/Resources/Prefabs/chunk_screen.prefab,bitsburst,3448885813541302690,1.5,0,0,0.8..1.2,1..3,0.02..0.05,1,cone,2,1.28,60,"c0:(0.9150943,0.7122673,0.58272517,1);a0:1;c0.98824:(0.9150943,0.7122673,0.58272517,0);a1:0",off,off,off,off,ef_onepixel,onepixel.png,579,0,2,off,off,shape:cone,shape distribution/rotation
Assets/Resources/Prefabs/chunk_screen.prefab,centerBurst,4147686858561091374,1.5,0,0,0.5,0,4,0,point,0,1.28,60,off,curve[0:0.72146;0.80042:0.57078;1:0.050228],off,off,tiles=4x2 frame=curve[0:0;1:0.9999],ef_screendestroysheet,sheet_screendestroyed.png,811,0,2,off,off,flipbook:4x2,
Assets/Resources/Prefabs/ef_fragexplosion.prefab,CentralFireball,19892654,1.25,0,0,0.5..0.8,2..5,15..20,1,sphere,1,0.01,25,"c0:(1,1,1,0.77254903);a0:0.77254903;c1:(1,1,1,0.93333334);a0.044114:0.93333334;a0.48824:0.41960785;a1:0",curve[0:0;0.50132:0.28037;0.70887:0.23836;0.87693:0.058407;1:0],off,1,tiles=1x4 frame=curve[0:0;1:0.9999],ef_fireball,explosion1.psd,2046|2047|2048|2049,0,2,off,off,"shape:sphere,flipbook:1x4",shape distribution/rotation; separate color/alpha key timing
Assets/Resources/Prefabs/ef_fragexplosion.prefab,FireSpits,19818030,1.25,0,0,0.5..0.8,5..8,0.2..0.6,-2,sphere,1,0.01,25,off,curve[0:0;0.50132:0.28037;0.70887:0.23836;0.87693:0.058407;1:0],off,1,off,ef_firespit,explosion1_firespit.png,2050,0,2,off,off,shape:sphere,shape distribution/rotation
Assets/Resources/Prefabs/ef_mist.prefab,ef_mist,2026407419473106228,5,1,10,2..6,0.6..0.8,1,0.03,cone,2,0.01,15,"c0:(0.7735849,0.7735849,0.7735849,0.7058824);a0:0.7058824;c0.48824:(0.4716981,0.4716981,0.4716981,0.1882353);a0.2:0.1882353;c1:(0.16981131,0.16981131,0.16981131,0);a1:0",curve[0:0.46154;1:1],x:0;y:0;z:0,off,off,ef_particlewaterspray,ParticleCloudWhite.png,583,0,2,off,off,shape:cone,shape distribution/rotation
Assets/Resources/Prefabs/ef_particle_blasterhit.prefab,Shockwave,2180855900916734822,1.2,0,0,0.8,0,1.2,0,point,0,1,25,"c0:(0.8455882,0.024870265,0.05769895,1);a0:1;c0.52059:(0.38823533,0.15294118,0.15294118,0);a1:0",curve[0:0.081967;0.47415:0.7996;1:1],off,off,off,ef_sparqshockwave,Sparqwave.png,820,0,2,off,off,,
Assets/Resources/Prefabs/ef_particle_blasterhit.prefab,CenterSpatter,4458958780830340745,1.2,0,0,0.4,0,0.65,0,point,0,1,25,"c0:(0.5019608,0.19215685,0.19215685,1);a0:1;c1:(0.27058828,0.08627452,0.08627452,0);a0.77353:0",curve[0:0;1:1],off,off,off,ef_sparqspatter,SparqSpatter.png,?,0,2,off,off,,
Assets/Resources/Prefabs/ef_particle_blasterhit.prefab,CenterSpatter2,5158801799055542670,1.2,0,0,0.4,0,0.65,0,point,0,1,25,"c0:(0.28627455,0.105882354,0.105882354,1);a0:1;c1:(0.08627451,0.27058825,0.27058825,0);a0.77353:0",curve[0:0;1:1],off,off,off,ef_sparqspatter,SparqSpatter.png,?,0,2,off,off,,
Assets/Resources/Prefabs/ef_particle_blasterhit.prefab,BlueSparksSmall,3394684997602654176,1,0,0,0.3..0.5,6,0.02,1,sphere,1,0.01,25,"c0:(1,0.20588237,0.20588237,1);a0:1;c0.47353:(1,0.46323532,0.46323532,1);a0.61471:1;c1:(0.7941176,0.3795415,0.662597,0);a1:0",off,off,off,off,ef_particleglow|ef_particlespark,Burst.png|Spark.png,67|817,0,2,0.05..0.1,1,"shape:sphere,trail",shape distribution/rotation
Assets/Resources/Prefabs/ef_particle_blasterhit.prefab,ef_particle_blasterhit,304096618670633187,1.2,0,0,0.4,0,0.5,0,point,0,1,25,"c0:(1,1,1,1);a0:1;c1:(0.9191176,0.14868078,0.14868078,0.3529412);a1:0.3529412",off,off,off,off,ef_particleafterburner,Burst.png,67,0,2,off,off,,
Assets/Resources/Prefabs/ef_particle_bloodspurtsmall.prefab,ef_particle_bloodspurtsmall,198794252283396384,0.9,0,0,0.75..0.8,2..3,0.2,0.5,cone,2,0.01,10,"c0:(0.53676474,0.0946143,0.019733984,1);a0:1;c1:(0.3455882,0.033034157,0.033034157,0.8156863);a0.65:0.8156863;a1:0",off,off,off,off,ef_particlesteam|ef_particlespray,ParticleCloudWhite.png|ParticleCloudWhite.png,583|583,0,2,0.75,1,"shape:cone,trail",shape distribution/rotation; separate color/alpha key timing
Assets/Resources/Prefabs/ef_particle_bloodspurtsmallgreen.prefab,ef_particle_bloodspurttiny,198201923936093766,1,0,0,0.6..0.6,2.5..3.5,0.1,0.5,cone,2,0.01,10,"c0:(0.53676474,0.30855805,0.019733952,1);a0:1;c1:(0.3455882,0.29816622,0.03303414,1);a0.86471:1;a1:0",off,off,off,off,ef_particlesteam|ef_particlespray,ParticleCloudWhite.png|ParticleCloudWhite.png,583|583,0,2,0.6..0.6,1,"shape:cone,trail",shape distribution/rotation; separate color/alpha key timing
Assets/Resources/Prefabs/ef_particle_bloodspurtsmallgreen.prefab,ef_particle_bloodspurtsmallgreen,198386675763137310,1,0,0,0.6..0.6,2..3,0.2,0.5,cone,2,0.01,10,"c0:(0.2729008,0.53676474,0.019733952,1);a0:1;c0.98824:(0.22487769,0.3455882,0.03303414,0.8156863);a0.65:0.8156863;a1:0",off,off,off,off,ef_particlesteam|ef_particlespray,ParticleCloudWhite.png|ParticleCloudWhite.png,583|583,0,2,0.6..0.6,1,"shape:cone,trail",shape distribution/rotation; separate color/alpha key timing
Assets/Resources/Prefabs/ef_particle_bloodspurtsmallyellow.prefab,ef_particle_bloodspurtsmallyellow,198628509457863252,1,0,0,0.6..0.6,2..3,0.2,0.5,cone,2,0.01,10,"c0:(0.5296333,0.53676474,0.019733952,1);a0:1;c1:(0.32834384,0.3455882,0.03303414,0.8156863);a0.65:0.8156863;a1:0",off,off,off,off,ef_particlesteam|ef_particlespray,ParticleCloudWhite.png|ParticleCloudWhite.png,583|583,0,2,0.6..0.6,1,"shape:cone,trail",shape distribution/rotation; separate color/alpha key timing
Assets/Resources/Prefabs/ef_particle_bloodspurttiny.prefab,ef_particle_bloodspurttiny,198794252283396384,0.7,0,0,0.6..0.6,2..3,0.1,0.5,cone,2,0.01,10,"c0:(0.53676474,0.0946143,0.019733984,1);a0:1;c1:(0.3455882,0.033034157,0.033034157,0.8156863);a0.65:0.8156863;a1:0",off,off,off,off,ef_particlesteam|ef_particlespray,ParticleCloudWhite.png|ParticleCloudWhite.png,583|583,0,2,0.6..0.6,1,"shape:cone,trail",shape distribution/rotation; separate color/alpha key timing
Assets/Resources/Prefabs/ef_particle_camerahit.prefab,Bits,198652118875159694,0.8,1,0,0.2,0.5,0.05,0,sphere,1,0.3,25,"c0:(0.6901961,0.9137255,1,1);a0:1;c1:(0.28235295,0.6392157,0.8901961,1);a1:1",off,off,off,off,ef_camerabits,BurstTiny.png,69,0,2,off,off,shape:sphere,shape distribution/rotation
Assets/Resources/Prefabs/ef_particle_camerahit.prefab,CenterSpatter,198961514812155098,0.8,1,0,0.6,0,1.5,0,point,0,1,25,"c0:(0.41568628,0,0.5647059,1);a0:1;c1:(0.12156863,0.003921569,0.36862746,0);a0.82942:0",curve[0:0;1:0.72131],off,off,off,ef_cameraspatter,SparqSpatter.png,?,0,2,off,off,,
Assets/Resources/Prefabs/ef_particle_camerahit.prefab,DarkBurst,198464324987250504,0.8,1,0,0.6,0,3,0,point,0,1,25,"c0:(0.10980392,0.08235294,0.44313726,1);a0:1;c1:(0.003921569,0.09803922,0.36862746,0);a0.82942:0",off,off,off,off,ef_cameraburst,Burst.png,67,0,2,off,off,,
Assets/Resources/Prefabs/ef_particle_camerahit.prefab,ef_particle_camerahit,198318421433432668,0.8,0,0,0.6,0,1.5,0,point,0,1,25,"c0:(0.85882354,0.654902,0.88235295,1);a0:1;c1:(0.19607843,0.15294118,0.20784314,1);a1:1",curve[0:0;0.99479:0.34016],off,off,off,ef_cameraburst,Burst.png,67,0,2,off,off,,
Assets/Resources/Prefabs/ef_particle_camerahit.prefab,CenterSpatter2,198675762711522440,0.8,1,0,0.6,0,1.5,0,point,0,1,25,"c0:(0.2,0.11372549,0.5372549,1);a0:1;c1:(0.12156863,0.003921569,0.36862746,0);a0.82942:0",curve[0:0;1:1],off,off,off,ef_cameraspatter,SparqSpatter.png,?,0,2,off,off,,
Assets/Resources/Prefabs/ef_particle_darthit.prefab,ef_particle_darthit,19844794,1.25,0,0,0.3..0.5,1..2,0.08..0.08,1.2,sphere,1,0.01,25,off,off,off,off,off,ef_darthit,darthit.png,158,0,2,off,off,shape:sphere,shape distribution/rotation
Assets/Resources/Prefabs/ef_particle_ionhit.prefab,Shockwave,7929203039846650269,1.2,0,0,0.8,0,1.2,0,point,0,1,25,"c0:(0.9409331,1,0.38823533,1);a0:1;c0.52059:(0.38823533,0.38174444,0.15294118,0);a1:0",curve[0:0.081967;0.47415:0.7996;1:1],off,off,off,ef_sparqshockwave,Sparqwave.png,820,0,2,off,off,,
Assets/Resources/Prefabs/ef_particle_ionhit.prefab,CenterSpatter,2622451755197069893,1.2,0,0,0.4,0,0.65,0,point,0,1,25,"c0:(0.48486817,0.5019608,0.19215685,1);a0:1;c1:(0.27058828,0.24262343,0.08627452,0);a0.77353:0",curve[0:0;1:1],off,off,off,ef_sparqspatter,SparqSpatter.png,?,0,2,off,off,,
Assets/Resources/Prefabs/ef_particle_ionhit.prefab,ef_particle_ionhit,1091671980559344748,1.2,0,0,0.4,0,0.5,0,point,0,1,25,"c0:(1,1,1,1);a0:1;c1:(0.84473056,0.9191176,0.14868078,0.3529412);a1:0.3529412",off,off,off,off,ef_particleafterburner,Burst.png,67,0,2,off,off,,
Assets/Resources/Prefabs/ef_particle_ionhit.prefab,BlueSparksSmall,5032515058753420791,1,0,0,0.3..0.5,6,0.02,1,sphere,1,0.01,25,"c0:(0.9561867,1,0.20588237,1);a0:1;c0.47353:(0.88154167,1,0.46323532,1);a0.61471:1;c1:(0.7941176,0.73121643,0.3795415,0);a1:0",off,off,off,off,ef_particleglow|ef_particlespark,Burst.png|Spark.png,67|817,0,2,0.05..0.1,1,"shape:sphere,trail",shape distribution/rotation
Assets/Resources/Prefabs/ef_particle_ionhit.prefab,CenterSpatter2,8002476519720777860,1.2,0,0,0.4,0,0.65,0,point,0,1,25,"c0:(0.28627455,0.2589047,0.105882354,1);a0:1;c1:(0.27058828,0.24262343,0.08627452,0);a0.77353:0",curve[0:0;1:1],off,off,off,ef_sparqspatter,SparqSpatter.png,?,0,2,off,off,,
Assets/Resources/Prefabs/ef_particle_sec2muzburst.prefab,particle_sec2muzburst3,198090764381691176,1.5,1,0,0.5,0,0.6,0,point,0,1,25,"c0.28235:(1,0.91764706,0.69803923,1);a0:1;c1:(0.38431373,0.39215687,0.39215687,1);a1:1",curve[0:0.86885;1:0.5041],off,off,off,ef_sec2botmuzzleburst3,Sec2MuzzleBurst3.png,794,0,2,off,off,,
Assets/Resources/Prefabs/ef_particle_sec2muzburst.prefab,ef_particle_sec2muzburst,198177235194972012,1.5,1,0,0.5,0,0.6,0,point,0,1,25,"c0.28235:(1,0.91764706,0.69803923,1);a0:1;c1:(0.39215687,0.39215687,0.38431373,1);a1:1",curve[0:0.86885;1:0.5041],off,off,off,ef_sec2botmuzzleburst1,Sec2MuzzleBurst1.png,792,0,2,off,off,,
Assets/Resources/Prefabs/ef_particle_sec2muzburst.prefab,particle_sec2muzburst2,198667072062752396,1.5,1,0,0.5,0,0.6,0,point,0,1,25,"c0.28235:(1,0.77254903,0.5294118,1);a0:1;c1:(0.38431373,0.39215687,0.39215687,1);a1:1",curve[0:0.86885;1:0.5041],off,off,off,ef_sec2botmuzzleburst2,Sec2MuzzleBurst2.png,793,0,2,off,off,,
Assets/Resources/Prefabs/ef_particle_sec2muzburst.prefab,particle_sec2muzburst4,198259341989133272,1.5,1,0,0.5,0,0.6,0,point,0,1,25,"c0.28235:(1,0.77254903,0.5294118,1);a0:1;c1:(0.38431373,0.39215687,0.39215687,1);a1:1",curve[0:0.86885;1:0.5041],off,off,off,ef_sec2botmuzzleburst4,Sec2MuzzleBurst4.png,795,0,2,off,off,,
Assets/Resources/Prefabs/ef_particle_sec2rotmuzburst.prefab,ef_particle_sec2rotmuzburst,198787602921667550,1.5,1,0,0.5,0,0.6,0,point,0,1,25,"c0.28235:(1,1,1,1);a0:1;c1:(0.38431373,0.39215687,0.39215687,1);a1:1",curve[0:0.86885;1:0.5041],off,off,off,ef_sec2botrotarybuzzleburst,Sec2RotaryMuzzleBurst.png,796,0,2,off,off,,
Assets/Resources/Prefabs/ef_particle_sec2rotmuzburst.prefab,FlashSquint,198077441759696634,1.5,1,0,0.5,0,2,0,point,0,0.15,25,"c0:(0.62352943,0.5686275,0.4862745,1);a0:1;c0.39118:(1,0.57254905,0.11764706,1);a0.76765:1;c1:(0.21960784,0.050980393,0,0.37254903);a1:0.37254903",curve[0:0;0.9974:0.89754],off,off,off,ef_sec2botrotarymuzzlesquint,Sec2RotaryMuzzleSquint.png,797,0,2,off,off,,
Assets/Resources/Prefabs/ef_particle_sparkssmall.prefab,ef_particle_sparkssmall,198213875044575830,0.6,0,0,0.3..0.5,2..5,0.01,0,cone,2,0.01,20,"c0:(1,0.99036515,0.8602941,1);a0:1;c0.47353:(1,0.829716,0.46323532,1);a0.61471:1;c1:(0.7941176,0.3795415,0.3795415,0);a1:0",off,off,off,off,ef_particleglow|ef_particlespark,Burst.png|Spark.png,67|817,0,2,0.08..0.15,1,"shape:cone,trail",shape distribution/rotation
Assets/Resources/Prefabs/ef_particle_sparkssmall.prefab,centerburst,198971156578959676,1,1,0,0.2,0,0.6,0,point,0,1,25,"c0:(1,1,0.89954585,1);a0:1;c1:(0.8161765,0.736711,0.63613755,1);a0.86471:1;a1:0",curve[0:1;1:0],off,off,off,ef_particleafterburner,Burst.png,67,0,2,off,off,,separate color/alpha key timing
Assets/Resources/Prefabs/ef_particle_sparkssmallblue.prefab,ef_particle_sparkssmallblue,198603447508477536,0.6,0,0,0.3..0.5,3..6,0.01,0,cone,2,0.01,25,"c0:(0.8602941,0.9710953,1,1);a0:1;c0.47353:(0.46323532,0.8445233,1,1);a0.61471:1;c1:(0.3795415,0.468175,0.7941176,0);a1:0",off,off,off,off,ef_particleglow|ef_particlespark,Burst.png|Spark.png,67|817,0,2,0.08..0.15,1,"shape:cone,trail",shape distribution/rotation
Assets/Resources/Prefabs/ef_particle_sparkssmallblue.prefab,centerburst,198015323528487626,1,0,0,0.1..0.15,5,0.1,0,cone,2,0.01,12,"c0:(1,1,1,1);a0:1;c0.47353:(1,0.829716,0.46323532,1);a0.61471:1;c1:(0.7941176,0.3795415,0.3795415,0);a1:0",off,off,off,off,ef_particleglow|ef_particlespark,Burst.png|Spark.png,67|817,0,2,0.8..0.8,1,"shape:cone,trail",shape distribution/rotation
Assets/Resources/Prefabs/ef_particle_sparqhit.prefab,ef_particle_sparqhit,198258994390394298,1.1,0,0,0.4,0,0.5,0,point,0,1,25,"c0:(1,1,1,1);a0:1;c1:(0.36078432,1,1,0.3529412);a1:0.3529412",off,off,off,off,ef_particleafterburner,Burst.png,67,0,2,off,off,,
Assets/Resources/Prefabs/ef_particle_sparqhit.prefab,CenterSpatter2,8836542823619245298,1.1,0,0,0.4,0,0.65,0,point,0,1,25,"c0:(0.105882354,0.28627452,0.28627452,1);a0:1;c1:(0.08627451,0.27058825,0.27058825,0);a0.77353:0",curve[0:0;1:1],off,off,off,ef_sparqspatter,SparqSpatter.png,?,0,2,off,off,,
Assets/Resources/Prefabs/ef_particle_sparqhit.prefab,BlueSparksSmall,2255367191426240840,1,0,0,0.3..0.5,6,0.02,1,sphere,1,0.01,25,"c0:(0.20588237,0.8028398,1,1);a0:1;c0.47353:(0.46323532,0.7556794,1,1);a0.61471:1;c1:(0.428147,0.3795415,0.7941176,0);a1:0",off,off,off,off,ef_particleglow|ef_particlespark,Burst.png|Spark.png,67|817,0,2,0.05..0.1,1,"shape:sphere,trail",shape distribution/rotation
Assets/Resources/Prefabs/ef_particle_sparqhit.prefab,CenterSpatter,4635825474031160052,1.1,0,0,0.4,0,0.65,0,point,0,1,25,"c0:(0.19215687,0.5019608,0.5019608,1);a0:1;c1:(0.08627451,0.27058825,0.27058825,0);a0.77353:0",curve[0:0;1:1],off,off,off,ef_sparqspatter,SparqSpatter.png,?,0,2,off,off,,
Assets/Resources/Prefabs/ef_particle_sparqhit.prefab,Shockwave,7173158211793485891,1.1,0,0,0.8,0,1.2,0,point,0,1,25,"c0:(0.3882353,1,1,1);a0:1;c0.52059:(0.15294118,0.3882353,0.3882353,0);a1:0",curve[0:0.081967;0.47415:0.7996;1:1],off,off,off,ef_sparqshockwave,Sparqwave.png,820,0,2,off,off,,
Assets/Resources/Prefabs/ef_sparkspits.prefab,ef_sparkspits,19815620,1,1,0,0.5,8,0.04,0,sphere,1,0.2,25,"c0:(1,0.9764706,0.93333334,1);a0:1;c0.48824:(1,0.49411765,0,1);a0.48824:1;c1:(0.16862746,0,0,1);a1:1",curve[0:1;1:0.42857],off,off,off,ef_onepixel,onepixel.png,579,0,2,off,off,shape:sphere,shape distribution/rotation
Assets/Resources/Prefabs/ef_spraydrips.prefab,ef_spraydrips,312576532912274635,5,1,10,4.5,0.2..0.5,1,0.1,cone,2,0.01,10,"c0:(1,1,1,0.49803922);a0:0.49803922;c0.48824:(1,1,1,0.4117647);a0.48824:0.4117647;c1:(0.6037736,0.6037736,0.6037736,0);a1:0",curve[0:0;1:0.53846],off,off,off,ef_particlesplashes,SplashesFineParticle.png,821,0,2,off,off,shape:cone,shape distribution/rotation; Unity sub-emitters
Assets/Resources/Prefabs/ef_spraydrips.prefab,subparticles,5912356708373806364,1,0,0,1,0..0,1.5,0.1,point(unity:10),0,0.04,10,"c0:(1,1,1,0.25882354);a0:0.25882354;c0.48824:(1,1,1,0.22352941);a0.48824:0.22352941;c1:(0.6037736,0.6037736,0.6037736,0);a1:0",curve[0:0;1:0.72308],off,off,off,ef_particlesplashes,SplashesFineParticle.png,821,0,2,off,off,shape:point(unity:10),shape distribution/rotation; unsupported Unity shape type 10
Assets/Resources/Prefabs/ef_steam.prefab,ef_steam,4207294521709156471,5,1,60,2,1..2,1,0,cone,2,0.01,10,"c0:(1,1,1,0.49803922);a0:0.49803922;c0.48824:(1,1,1,0.22352941);a0.48824:0.22352941;c1:(0.6037736,0.6037736,0.6037736,0);a1:0",curve[0:0;1:1],off,off,off,ef_particlesmokevertlit,ParticleCloudWhite.png,583,0,2,off,off,shape:cone,shape distribution/rotation
Assets/Resources/Prefabs/env_sparkssmall.prefab,env_sparkssmall,5488384945965640734,5,1,0,0.3..0.5,2..5,0.01,1,cone,2,0.01,20,"c0:(1,0.99036515,0.8602941,1);a0:1;c0.47353:(1,0.829716,0.46323532,1);a0.61471:1;c1:(0.7941176,0.3795415,0.3795415,0);a1:0",off,off,off,off,ef_particleglow|ef_particlespark,Burst.png|Spark.png,67|817,0,2,0.08..0.15,1,"shape:cone,trail",shape distribution/rotation
Assets/Resources/Prefabs/npc_autobomb.prefab,smokesmushroom,3708649147207360355,30,0,0,10,0.25..0.4,0.1,0,cone,2,0.4,15,"c0:(1,1,1,1);a0:1;c1:(1,1,1,1);a0.34118:1;a0.99413:0",curve[0:0;0.98907:12],off,off,off,ef_particlesmokeblack,ParticleCloudBlack.png,582,0,2,off,off,shape:cone,shape distribution/rotation; separate color/alpha key timing
Assets/Resources/Prefabs/npc_autobomb.prefab,smokescorching,6229276641032155532,10,0,40,3,0.1..0.15,0.05,-0.1,point(unity:10),0,0.01,1,"c0:(1,1,1,0.7411765);a0.002945:0.7411765;c1:(1,1,1,0.67058825);a0.39706:0.67058825;a0.99413:0",curve[0:4.1081;1:8],off,off,off,ef_particlesmokeblack,ParticleCloudBlack.png,582,0,2,off,off,shape:point(unity:10),shape distribution/rotation; unsupported Unity shape type 10; separate color/alpha key timing
Assets/Resources/Prefabs/npc_autobomb.prefab,CentralFireball,9088118466934791900,1.25,0,0,0.5..0.8,2..5,15..20,1,sphere,1,0.01,25,"c0:(1,1,1,0.77254903);a0:0.77254903;c1:(1,1,1,0.93333334);a0.044114:0.93333334;a0.48824:0.41960785;a1:0",curve[0:0;0.50132:0.28037;0.70887:0.23836;0.87693:0.058407;1:0],off,1,tiles=1x4 frame=curve[0:0;1:0.9999],ef_fireball,explosion1.psd,2046|2047|2048|2049,0,2,off,off,"shape:sphere,flipbook:1x4",shape distribution/rotation; separate color/alpha key timing
Assets/Resources/Prefabs/npc_autobomb.prefab,FireSpits,5200246763344841704,1.25,0,0,0.5..0.8,5..8,0.2..0.6,-2,sphere,1,0.01,25,off,curve[0:0;0.50132:0.28037;0.70887:0.23836;0.87693:0.058407;1:0],off,1,off,ef_firespit,explosion1_firespit.png,2050,0,2,off,off,shape:sphere,shape distribution/rotation
Assets/Resources/Prefabs/npc_autobomb.prefab,smokescorchingsmall,7159911065422997374,1,0,0,0.3,6..8,0.15,0,cone,2,0.0001,90,"c0:(1,1,1,0.7411765);a0:0.7411765;c1:(1,1,1,0);a0.99413:0",curve[0:0;1:8],off,off,off,ef_particlesmokeblack,ParticleCloudBlack.png,582,0,2,off,off,shape:cone,shape distribution/rotation
Assets/Resources/Prefabs/npc_cortex_reaver.prefab,centerFlash (2),7285962739590562823,1,0,0,0.3,3,0.02,0,sphere,1,0.2,25,off,off,off,off,off,ef_onepixelgreen,onepixel.png,579,0,2,off,off,shape:sphere,shape distribution/rotation
Assets/Resources/Prefabs/npc_cortex_reaver.prefab,centerFlash,7689451295358286603,1,0,0,0.3,0,1.5,0,point,0,1,25,"c0.3147:(0.8093485,1,0.56078434,1);a0:1;c1:(0.38431373,0.39215687,0.39215687,1);a1:1",curve[0:0.59612;0.25484:1;1:0],off,off,off,ef_particleafterburner,Burst.png,67,0,2,off,off,,
Assets/Resources/Prefabs/npc_cortex_reaver.prefab,deathSubBurst,5148665999412774795,1,0,0,0.4,3,0.02,0,sphere,1,0.2,25,off,off,off,off,off,ef_onepixelgreen,onepixel.png,579,0,2,off,off,shape:sphere,shape distribution/rotation
Assets/Resources/Prefabs/npc_cortex_reaver.prefab,centerFlash (2),1778295996222112476,1,0,0,0.3,3,0.02,0,sphere,1,0.2,25,off,off,off,off,off,ef_onepixelgreen,onepixel.png,579,0,2,off,off,shape:sphere,shape distribution/rotation
Assets/Resources/Prefabs/npc_cortex_reaver.prefab,centerFlash (1),1443031319027956501,1,0,0,0.3,0,0.75,0,point,0,1,25,"c0.3147:(0.8093485,1,0.56078434,1);a0:1;c1:(0.38431373,0.39215687,0.39215687,1);a1:1",off,off,off,off,ef_particleafterburner,Burst.png,67,0,2,off,off,,
Assets/Resources/Prefabs/npc_cortex_reaver.prefab,deathSubBurst (2),6380535870191838320,1,0,0,0.4,3,0.02,0,sphere,1,0.2,25,off,off,off,off,off,ef_onepixelgreen,onepixel.png,579,0,2,off,off,shape:sphere,shape distribution/rotation
Assets/Resources/Prefabs/npc_cortex_reaver.prefab,muzzleBurst (1),6055504787335036264,1,0,0,0.6,0,1.2,0,point,0,1,25,"c0:(1,1,1,1);a0:1;c0.50294:(0.1484375,0,1,1);a1:1;c1:(0.15217781,0,1,0)",curve[0:1;0.3123:1;1:0.28181],off,off,off,ef_particleafterburner,Burst.png,67,0,2,off,off,,separate color/alpha key timing
Assets/Resources/Prefabs/npc_cortex_reaver.prefab,centerFlash (1),3935664275979008750,1,0,0,0.3,0,0.75,0,point,0,1,25,"c0.3147:(0.8093485,1,0.56078434,1);a0:1;c1:(0.38431373,0.39215687,0.39215687,1);a1:1",off,off,off,off,ef_particleafterburner,Burst.png,67,0,2,off,off,,
Assets/Resources/Prefabs/npc_cortex_reaver.prefab,centerFlash,3383593518814031309,1,0,0,0.3,0,2,0,point,0,1,25,"c0.3147:(0.8093485,1,0.56078434,1);a0:1;c1:(0.38431373,0.39215687,0.39215687,1);a1:1",curve[0:0.59612;0.25484:1;1:0],off,off,off,ef_particleafterburner,Burst.png,67,0,2,off,off,,
Assets/Resources/Prefabs/npc_cortex_reaver.prefab,deathSubBurst (4),5141790193080436323,1,0,0,0.4,3,0.02,0,sphere,1,0.2,25,off,off,off,off,off,ef_onepixelgreen,onepixel.png,579,0,2,off,off,shape:sphere,shape distribution/rotation
Assets/Resources/Prefabs/npc_cortex_reaver.prefab,muzzleBurst1Black (1),5020959755593934015,1,0,0,0.6,0,5,0,point,0,1,25,"c0:(0.0069419737,0.008806274,0.11320752,0.41960785);a0:0.41960785;c1:(0.0069419737,0.008806274,0.11320752,0.41960785);a1:0.41960785",curve[0:1;0.3123:1;1:0.28181],off,off,off,ef_particleafterburner,Burst.png,67,0,2,off,off,,
Assets/Resources/Prefabs/npc_cortex_reaver.prefab,centerFlash (2),3160318041679155853,1,0,0,0.3,3,0.02,0,sphere,1,0.2,25,off,off,off,off,off,ef_onepixelgreen,onepixel.png,579,0,2,off,off,shape:sphere,shape distribution/rotation
Assets/Resources/Prefabs/npc_cortex_reaver.prefab,centerFlash (1),2069115696156806394,1,0,0,0.3,0,1,0,point,0,1,25,"c0.3147:(0.8093485,1,0.56078434,1);a0:1;c1:(0.38431373,0.39215687,0.39215687,1);a1:1",off,off,off,off,ef_particleafterburner,Burst.png,67,0,2,off,off,,
Assets/Resources/Prefabs/npc_cortex_reaver.prefab,deathSubBurst (1),4607160960833069260,1,0,0,0.4,3,0.02,0,sphere,1,0.2,25,off,off,off,off,off,ef_onepixelgreen,onepixel.png,579,0,2,off,off,shape:sphere,shape distribution/rotation
Assets/Resources/Prefabs/npc_cortex_reaver.prefab,centerFlash (2),6755277230274889619,1,0,0,0.3,3,0.02,0,sphere,1,0.2,25,off,off,off,off,off,ef_onepixelgreen,onepixel.png,579,0,2,off,off,shape:sphere,shape distribution/rotation
Assets/Resources/Prefabs/npc_cortex_reaver.prefab,centerFlash (1),7621203699894540149,1,0,0,0.3,0,1,0,point,0,1,25,"c0.3147:(0.8093485,1,0.56078434,1);a0:1;c1:(0.38431373,0.39215687,0.39215687,1);a1:1",off,off,off,off,ef_particleafterburner,Burst.png,67,0,2,off,off,,
Assets/Resources/Prefabs/npc_cortex_reaver.prefab,deathSubBurst (3),7038406636305127112,1,0,0,0.4,3,0.02,0,sphere,1,0.2,25,off,off,off,off,off,ef_onepixelgreen,onepixel.png,579,0,2,off,off,shape:sphere,shape distribution/rotation
Assets/Resources/Prefabs/npc_cortex_reaver.prefab,centerFlash (1),2645769624041752198,1,0,0,0.3,0,1,0,point,0,1,25,"c0.3147:(0.8093485,1,0.56078434,1);a0:1;c1:(0.38431373,0.39215687,0.39215687,1);a1:1",off,off,off,off,ef_particleafterburner,Burst.png,67,0,2,off,off,,
Assets/Resources/Prefabs/npc_cortex_reaver.prefab,centerFlash,154379230168423110,1,0,0,0.3,0,2,0,point,0,1,25,"c0.3147:(1,0.7879717,0.5613208,1);a0:1;c1:(0.38431373,0.39215687,0.39215687,1);a1:1",curve[0:0.59612;0.25484:1;1:0],off,off,off,ef_particleafterburner,Burst.png,67,0,2,off,off,,
Assets/Resources/Prefabs/npc_cortex_reaver.prefab,centerFlash,984629854756932082,1,0,0,0.3,0,2,0,point,0,1,25,"c0.3147:(0.8093485,1,0.56078434,1);a0:1;c1:(0.38431373,0.39215687,0.39215687,1);a1:1",curve[0:0.59612;0.25484:1;1:0],off,off,off,ef_particleafterburner,Burst.png,67,0,2,off,off,,
Assets/Resources/Prefabs/npc_cortex_reaver.prefab,muzzleBurst1Black,7327126967086059723,1,0,0,0.6,0,5,0,point,0,1,25,"c0:(0.0069419737,0.008806274,0.11320752,0.41960785);a0:0.41960785;c1:(0.0069419737,0.008806274,0.11320752,0.41960785);a1:0.41960785",curve[0:1;0.3123:1;1:0.28181],off,off,off,ef_particleafterburner,Burst.png,67,0,2,off,off,,
Assets/Resources/Prefabs/npc_cortex_reaver.prefab,centerFlash (2),8697189821763565238,1,0,0,0.3,3,0.02,0,sphere,1,0.2,25,off,off,off,off,off,ef_onepixelgreen,onepixel.png,579,0,2,off,off,shape:sphere,shape distribution/rotation
Assets/Resources/Prefabs/npc_cortex_reaver.prefab,centerFlash,7358033367877450163,1,0,0,0.3,0,1.5,0,point,0,1,25,"c0.3147:(0.8093485,1,0.56078434,1);a0:1;c1:(0.38431373,0.39215687,0.39215687,1);a1:1",curve[0:0.59612;0.25484:1;1:0],off,off,off,ef_particleafterburner,Burst.png,67,0,2,off,off,,
Assets/Resources/Prefabs/npc_cortex_reaver.prefab,muzzleBurst,7635650170293514636,1,0,0,0.6,0,1.2,0,point,0,1,25,"c0:(1,1,1,1);a0:1;c0.50294:(0.1484375,0,1,1);a1:1;c1:(0.15217781,0,1,0)",curve[0:1;0.3123:1;1:0.28181],off,off,off,ef_particleafterburner,Burst.png,67,0,2,off,off,,separate color/alpha key timing
Assets/Resources/Prefabs/npc_cyber_reaver.prefab,eye,7210038504924956999,1,1,50,0.3,0,0.2,0,point(unity:5),0,0.1,25,off,off,off,off,off,ef_onepixel_overlay,onepixel.png,579,0,2,off,off,shape:point(unity:5),shape distribution/rotation; unsupported Unity shape type 5
Assets/Resources/Prefabs/npc_cyber_reaver.prefab,tooth (2),8664929295830924709,1,1,50,0.3,0,0.1,0,point(unity:5),0,0.1,25,off,off,off,off,off,ef_onepixel_overlay,onepixel.png,579,0,2,off,off,shape:point(unity:5),shape distribution/rotation; unsupported Unity shape type 5
Assets/Resources/Prefabs/npc_cyber_reaver.prefab,tooth,6805335591663459079,1,1,50,0.3,0,0.1,0,point(unity:5),0,0.1,25,off,off,off,off,off,ef_onepixel_overlay,onepixel.png,579,0,2,off,off,shape:point(unity:5),shape distribution/rotation; unsupported Unity shape type 5
Assets/Resources/Prefabs/npc_cyber_reaver.prefab,visibleMesh,5094507398225981564,1,1,5000,0.8,0,0.015,0,point(unity:6),0,1,25,off,off,off,off,off,ef_onepixel_overlay,onepixel.png,579,0,2,off,off,shape:point(unity:6),shape distribution/rotation; unsupported Unity shape type 6
Assets/Resources/Prefabs/npc_cyber_reaver.prefab,tooth (1),2682634074970246694,1,1,50,0.3,0,0.1,0,point(unity:5),0,0.1,25,off,off,off,off,off,ef_onepixel_overlay,onepixel.png,579,0,2,off,off,shape:point(unity:5),shape distribution/rotation; unsupported Unity shape type 5
Assets/Resources/Prefabs/npc_cyber_reaver.prefab,tooth (4),2040250599852497927,1,1,50,0.3,0,0.1,0,point(unity:5),0,0.1,25,off,off,off,off,off,ef_onepixel_overlay,onepixel.png,579,0,2,off,off,shape:point(unity:5),shape distribution/rotation; unsupported Unity shape type 5
Assets/Resources/Prefabs/npc_cyber_reaver.prefab,tooth (5),8437212587545528974,1,1,50,0.3,0,0.1,0,point(unity:5),0,0.1,25,off,off,off,off,off,ef_onepixel_overlay,onepixel.png,579,0,2,off,off,shape:point(unity:5),shape distribution/rotation; unsupported Unity shape type 5
Assets/Resources/Prefabs/npc_cyber_reaver.prefab,tooth (3),4018299162862362556,1,1,50,0.3,0,0.1,0,point(unity:5),0,0.1,25,off,off,off,off,off,ef_onepixel_overlay,onepixel.png,579,0,2,off,off,shape:point(unity:5),shape distribution/rotation; unsupported Unity shape type 5
Assets/Resources/Prefabs/npc_cyber_reaver.prefab,eye (1),8853505692214500105,1,1,50,0.3,0,0.2,0,point(unity:5),0,0.1,25,off,off,off,off,off,ef_onepixel_overlay,onepixel.png,579,0,2,off,off,shape:point(unity:5),shape distribution/rotation; unsupported Unity shape type 5
Assets/Resources/Prefabs/npc_cyberdog.prefab,nose,1917191354863137681,1,1,100,0.3,0,0.08,0,point(unity:5),0,0.2,25,off,off,off,off,off,ef_onepixel_overlay,onepixel.png,579,0,2,off,off,shape:point(unity:5),shape distribution/rotation; unsupported Unity shape type 5
Assets/Resources/Prefabs/npc_cyberdog.prefab,ear,6036758767538439545,1,1,30,0.3,0,0.08,0,sphere,1,0.2,25,off,off,off,off,off,ef_onepixel_overlay,onepixel.png,579,0,2,off,off,shape:sphere,shape distribution/rotation
Assets/Resources/Prefabs/npc_cyberdog.prefab,ear (1),3729662626737795836,1,1,30,0.3,0,0.08,0,sphere,1,0.2,25,off,off,off,off,off,ef_onepixel_overlay,onepixel.png,579,0,2,off,off,shape:sphere,shape distribution/rotation
Assets/Resources/Prefabs/npc_cyberdog.prefab,eye (1),7962710433573400137,1,1,10,0.3,0,0.2,0,sphere,1,0.1,25,off,off,off,off,off,ef_onepixel_overlay,onepixel.png,579,0,2,off,off,shape:sphere,shape distribution/rotation
Assets/Resources/Prefabs/npc_cyberdog.prefab,eye,1710342704777710315,1,1,10,0.3,0,0.2,0,sphere,1,0.1,25,off,off,off,off,off,ef_onepixel_overlay,onepixel.png,579,0,2,off,off,shape:sphere,shape distribution/rotation
Assets/Resources/Prefabs/npc_cyberdog.prefab,mainfuzz,7957355176137075090,1,1,5000,0.3,0,0.04,0,point(unity:6),0,1,25,off,off,off,off,off,ef_onepixel_overlay,onepixel.png,579,0,2,off,off,shape:point(unity:6),shape distribution/rotation; unsupported Unity shape type 6
Assets/Resources/Prefabs/npc_cybershodan.prefab,hook (1),1217107896500743880,1,1,3000,0.6..0.8,0,0.015,0,sphere,1,0.5,15,off,off,off,off,off,ef_onepixel_overlay,onepixel.png,579,0,2,off,off,shape:sphere,shape distribution/rotation
Assets/Resources/Prefabs/npc_cybershodan.prefab,centercore,7210038504924956999,1,1,5000,0.2..0.5,0.1,0.015,0,point(unity:17),0,0.3,15,off,off,off,off,off,ef_onepixel_overlay,onepixel.png,579,0,2,off,off,shape:point(unity:17),shape distribution/rotation; unsupported Unity shape type 17
Assets/Resources/Prefabs/npc_cybershodan.prefab,centercore (1),5190039579076263587,1,1,5000,0.4..1,0.1,0.015,0,sphere,1,1,15,off,off,off,off,off,ef_onepixel_overlay,onepixel.png,579,0,2,off,off,shape:sphere,shape distribution/rotation
Assets/Resources/Prefabs/npc_cybershodan.prefab,visibleMesh,5094507398225981564,1,1,10000,0.6..0.8,0,0.05,0,point(unity:8),0,0.0001,15,off,off,off,off,off,ef_onepixel_overlay,onepixel.png,579,0,2,off,off,shape:point(unity:8),shape distribution/rotation; unsupported Unity shape type 8
Assets/Resources/Prefabs/npc_cybershodan.prefab,hook,6876613398872515881,1,1,3000,0.6..0.8,0,0.015,0,sphere,1,0.5,15,off,off,off,off,off,ef_onepixel_overlay,onepixel.png,579,0,2,off,off,shape:sphere,shape distribution/rotation
Assets/Resources/Prefabs/npc_cybershodan.prefab,hook (2),4438547492428232051,1,1,3000,0.6..0.8,0,0.015,0,sphere,1,0.5,15,off,off,off,off,off,ef_onepixel_overlay,onepixel.png,579,0,2,off,off,shape:sphere,shape distribution/rotation
Assets/Resources/Prefabs/npc_cybershodan.prefab,hook (3),1956629371451073621,1,1,3000,0.6..0.8,0,0.015,0,sphere,1,0.5,15,off,off,off,off,off,ef_onepixel_overlay,onepixel.png,579,0,2,off,off,shape:sphere,shape distribution/rotation
Assets/Resources/Prefabs/npc_cyborg_assassin.prefab,gunPoint,1513485164909075401,0.15,0,0,0.15,0,0.5,0,point,0,1,25,off,off,off,off,off,ef_particlefirework,ParticleFlare.png,589,0,2,off,off,,
Assets/Resources/Prefabs/npc_cyborg_diego.prefab,sparksdribble,5594257394171754654,2.1466646,0,50,0.5,0,0.01,1,point(unity:10),0,0.05,25,off,off,off,off,off,ef_onepixelwhite,white.png,881,0,2,off,off,shape:point(unity:10),shape distribution/rotation; unsupported Unity shape type 10
Assets/Resources/Prefabs/npc_cyborg_diego.prefab,sparksdribble,4620693257291329084,2.1466646,0,50,0.5,0,0.01,1,point(unity:10),0,0.05,25,off,off,off,off,off,ef_onepixelwhite,white.png,881,0,2,off,off,shape:point(unity:10),shape distribution/rotation; unsupported Unity shape type 10
Assets/Resources/Prefabs/npc_cyborg_diego.prefab,teleportFX,8092239910951538054,2,0,10000,0.2..0.3,0,0.015,-0.5,point(unity:6),0,1,25,"c0:(1,1,1,1);a0:1;c1:(1,1,1,0.60784316);a0.61471:0.60784316;a1:0",off,off,off,off,ef_onepixelwhite,white.png,881,0,2,off,off,shape:point(unity:6),shape distribution/rotation; unsupported Unity shape type 6; separate color/alpha key timing
Assets/Resources/Prefabs/npc_cyborg_diego.prefab,redburst,7885929611475282720,0.32,0,250,0.22..0.32,2..3,0.01,0.2,sphere,1,0.05,25,off,off,off,off,off,ef_onepixelwhite,white.png,881,0,2,off,off,shape:sphere,shape distribution/rotation
Assets/Resources/Prefabs/npc_cyborg_diego.prefab,centerfluff,8431138725320986520,2,0,10000,0.2..0.3,0,0.015,-0.5,point(unity:6),0,1,25,"c0:(1,1,1,1);a0:1;c1:(1,1,1,0.60784316);a0.61471:0.60784316;a1:0",off,off,off,off,ef_onepixelwhite,white.png,881,0,2,off,off,shape:point(unity:6),shape distribution/rotation; unsupported Unity shape type 6; separate color/alpha key timing
Assets/Resources/Prefabs/npc_cyborg_diego.prefab,centerflare,1509398103754455179,2.1466646,0,0,1.7,0,0.5,0,point,0,0.05,25,off,curve[0:1;0.10264:0.94903;0.22293:1;0.32698:0.95146;0.43119:1;0.54985:0.95874;0.69107:1;0.82838:0.648;0.93121:0.60594;1:0.29854],off,off,off,ef_particleafterburner,Burst.png,67,0,2,off,off,,
Assets/Resources/Prefabs/npc_cyborg_diego.prefab,centerflare,6866892145525862369,0.32,0,0,0.22..0.32,0,0.3,0,sphere,1,0.2,25,off,off,off,off,off,ef_particleshockwave,<none>,?,0,2,off,off,shape:sphere,shape distribution/rotation
Assets/Resources/Prefabs/npc_cyborg_diego.prefab,light,2833735615705105694,0.3,1,0,0.6,0,0.5,0,point,0,1,25,off,off,off,off,off,ef_particleafterburner,Burst.png,67,0,2,off,off,,
Assets/Resources/Prefabs/npc_cyborg_diego.prefab,centerflare,3587044155997947761,2.1466646,0,0,1.7,0,0.5,0,point,0,0.05,25,off,curve[0:1;0.10264:0.94903;0.22293:1;0.32698:0.95146;0.43119:0.81311;0.55425:0.89078;0.66324:0.61893;0.80348:0.48781;0.92975:0.42148;1:0.15291],off,off,off,ef_particleafterburner,Burst.png,67,0,2,off,off,,
Assets/Resources/Prefabs/npc_cyborg_diego.prefab,light (1),7265162046127567570,0.3,1,0,0.6,0,0.5,0,point,0,1,25,off,off,off,off,off,ef_particleafterburner,Burst.png,67,0,2,off,off,,
Assets/Resources/Prefabs/npc_cyborg_diego.prefab,deathBurst,4451593338797147299,0.32,0,500,0.22..0.32,2..3,0.01,0.2,sphere,1,0.05,25,off,off,off,off,off,ef_onepixelwhite,white.png,881,0,2,off,off,shape:sphere,shape distribution/rotation
Assets/Resources/Prefabs/npc_cyborg_drone.prefab,gunPoint,1875192603114169451,0.15,0,0,0.1,0,0.2,0,point,0,1,25,off,off,off,off,off,ef_particleafterburner,Burst.png,67,0,2,off,off,,
Assets/Resources/Prefabs/npc_cyborg_elite.prefab,squint (1),3452746142650287658,0.4347,1,0,0.4347,0,1,0,point,0,1,25,off,off,off,off,off,ef_sec2botrotarymuzzlesquint,Sec2RotaryMuzzleSquint.png,797,0,2,off,off,,
Assets/Resources/Prefabs/npc_cyborg_elite.prefab,squint,422858789764196213,0.4347,1,0,0.4347,0,0.8,0,point,0,1,25,off,off,off,off,off,ef_sec2botrotarymuzzlesquint,Sec2RotaryMuzzleSquint.png,797,0,2,off,off,,
Assets/Resources/Prefabs/npc_cyborg_elite.prefab,muzzflashes (2),6919862131301802931,0.749955,0,0,0.74996,0,0.2,0,point,0,1,25,off,off,off,off,off,ef_maintbotmuzzleburst,npc_maintbotmuzzburst.png,566,0,2,off,off,,
Assets/Resources/Prefabs/npc_cyborg_elite.prefab,muzzflashes (1),7389703125656275280,0.749955,0,0,0.74996,0,0.2,0,point,0,1,25,off,off,off,off,off,ef_maintbotmuzzleburst,npc_maintbotmuzzburst.png,566,0,2,off,off,,
Assets/Resources/Prefabs/npc_cyborg_elite.prefab,centerfocus,6234384361163928162,0.749955,0,0,0.75,0,0.2,0,point,0,1,25,off,off,off,off,off,ef_particleafterburner,Burst.png,67,0,2,off,off,,
Assets/Resources/Prefabs/npc_cyborg_elite.prefab,muzzflashes,8374253222683225744,0.749955,0,0,0.74996,0,0.2,0,point,0,1,25,off,off,off,off,off,ef_maintbotmuzzleburst,npc_maintbotmuzzburst.png,566,0,2,off,off,,
Assets/Resources/Prefabs/npc_cyborg_elite.prefab,gunPoint,7795061463279694375,0.4347,1,0,0.4347,0,0.5,0,point,0,1,25,off,off,off,off,off,ef_particleafterburner,Burst.png,67,0,2,off,off,,
Assets/Resources/Prefabs/npc_cyborg_elite.prefab,muzzflashes (3),6137002973972059217,0.749955,0,0,0.74996,0,0.2,0,point,0,1,25,off,off,off,off,off,ef_maintbotmuzzleburst,npc_maintbotmuzzburst.png,566,0,2,off,off,,
Assets/Resources/Prefabs/npc_cyborg_enforcer.prefab,deathBurst,6929013687473358739,0.4,0,250,0.22..0.32,2..3,0.01,0.6,sphere,1,0.05,25,off,off,off,off,off,ef_onepixelwhite,white.png,881,0,2,off,off,shape:sphere,shape distribution/rotation
Assets/Resources/Prefabs/npc_cyborg_enforcer.prefab,gunPoint,2065159623769356078,0.5,0,0,0.2,0,0.5,0,point,0,1,25,off,curve[0:1;1:0],off,off,off,ef_particleafterburner,Burst.png,67,0,2,off,off,,
Assets/Resources/Prefabs/npc_cyborg_enforcer.prefab,squint,2355155016511800926,0.5,0,0,0.2,0,1,0,point,0,1,25,off,curve[0:1;1:0],off,off,off,ef_sec2botmuzzleburst1,Sec2MuzzleBurst1.png,792,0,2,off,off,,
Assets/Resources/Prefabs/npc_cyborg_enforcer.prefab,squint (1),165829661802549418,0.5,0,0,0.2,0,1,0,point,0,1,25,off,curve[0:1;1:0],off,off,off,ef_sec2botrotarymuzzlesquint,Sec2RotaryMuzzleSquint.png,797,0,2,off,off,,
Assets/Resources/Prefabs/npc_cyborg_enforcer.prefab,squint (2),1521051333560247543,0.5,0,0,0.2,0,0.8,0,point,0,1,25,off,curve[0:1;1:0],off,off,off,ef_sec2botrotarymuzzlesquint,Sec2RotaryMuzzleSquint.png,797,0,2,off,off,,
Assets/Resources/Prefabs/npc_cyborg_warrior.prefab,particle_drips,8446700757734729119,15,1,0,3,1..3,0.03,0.8,cone,2,0.02,25,"c0:(0.69803923,0,0.02745098,1);a0:1;c1:(0.654902,0,0.015686275,1);a1:1",off,off,off,off,ef_enemshot2bits,BurstTiny.png,69,0,2,off,off,shape:cone,shape distribution/rotation
Assets/Resources/Prefabs/npc_cyborg_warrior.prefab,particle_sec2muzburst2,5229777635934663502,1.5,1,0,0.2,0,0.6,0,point,0,1,25,"c0.28235:(1,0.7627636,0.7311321,1);a0:1;c1:(0.3962264,0.20081587,0.18503025,1);a1:1",curve[0:0.86885;1:0.5041],off,0,off,ef_sec2botmuzzleburst2,Sec2MuzzleBurst2.png,793,0,2,off,off,,
Assets/Resources/Prefabs/npc_cyborg_warrior.prefab,particle_sec2muzburst3,4259967797311288755,1.5,1,0,0.2,0,0.6,0,point,0,1,25,"c0.28235:(1,0.507272,0.4575472,1);a0:1;c1:(1,0.0254584,0,1);a1:1",curve[0:0.86885;1:0.5041],off,off,off,ef_particleafterburner,Burst.png,67,0,2,off,off,,
Assets/Resources/Prefabs/npc_cyborg_warrior.prefab,particle_sec2muzburst3 (1),1625199845207402559,1.5,1,0,1,0.5,0.6,0,cone,2,0.05,25,"c0.28235:(0.3018868,0.28238428,0.28052688,1);a0:1;c1:(0,0,0,1);a1:1",curve[0:0.86885;1:0],off,off,off,ef_particlesmokemobile,ParticleCloudWhite.png,583,0,2,off,off,shape:cone,shape distribution/rotation
Assets/Resources/Prefabs/npc_cyborg_warrior.prefab,particle_sec2muzburst,7176742681744723611,1.5,1,0,0.2,0,0.6,0,point,0,1,25,"c0.28235:(0.8773585,0.14092626,0.020692414,1);a0:1;c1:(0.3962264,0.34247947,0.33454967,1);a1:1",curve[0:0.86885;1:0.5041],off,off,off,ef_particleafterburner,Burst.png,67,0,2,off,off,,
Assets/Resources/Prefabs/npc_exec_bot.prefab,particle_sec2muzburst2,7129400566685742257,1.5,1,0,0.2,0,0.6,0,point,0,1,25,"c0.28235:(1,0.7627636,0.7311321,1);a0:1;c1:(0.3962264,0.20081587,0.18503025,1);a1:1",curve[0:0.86885;1:0.5041],off,off,off,ef_sec2botrotarymuzzlesquint,Sec2RotaryMuzzleSquint.png,797,0,2,off,off,,
Assets/Resources/Prefabs/npc_exec_bot.prefab,particle_sec2muzburst (1),6105693024765926348,1.5,0,0,0.2,0,0.8,0,point,0,1,25,"c0.28235:(0.6981132,0.6981132,0.6981132,1);a0:1;c1:(0.41509432,0.41509432,0.41509432,1);a1:1",curve[0:0.86885;1:0.5041],off,off,off,ef_particleafterburner,Burst.png,67,0,2,off,off,,
Assets/Resources/Prefabs/npc_exec_bot.prefab,particle_sec2muzburst2,5908243594083547788,1.5,0,0,0.2,0,4,0,point,0,1,25,"c0.28235:(1,1,1,1);a0:1;c1:(0.39607844,0.38879183,0.18431371,0.48235294);a1:0.48235294",curve[0:0.86885;1:0.5041],off,off,off,ef_sec2botrotarymuzzlesquint,Sec2RotaryMuzzleSquint.png,797,0,2,off,off,,
Assets/Resources/Prefabs/npc_exec_bot.prefab,particle_deathburst,3344640738619511503,1.5,0,0,0.2,0,3,0,point,0,1,25,"c0.28235:(0.6981132,0.6981132,0.6981132,1);a0:1;c1:(0.41509432,0.41509432,0.41509432,1);a1:1",curve[0:0.86885;1:0.5041],off,off,off,ef_particleafterburner,Burst.png,67,0,2,off,off,,
Assets/Resources/Prefabs/npc_exec_bot.prefab,particle_sec2muzburst (3),23485972735430355,1.5,0,0,0.2,0,0.8,0,point,0,1,25,"c0.28235:(0.6981132,0.6981132,0.6981132,1);a0:1;c1:(0.41509432,0.41509432,0.41509432,1);a1:1",curve[0:0.86885;1:0.5041],off,off,off,ef_particleafterburner,Burst.png,67,0,2,off,off,,
Assets/Resources/Prefabs/npc_exec_bot.prefab,particle_sec2muzburst2 (1),320156585583636154,1.5,0,0,0.2,0,2.5,0,point,0,1,25,"c0:(1,1,1,1);a0:1;c0.30588:(0.6650944,1,1,0);a1:0;c1:(0.39607844,0.38879183,0.18431371,1)",curve[0:0.86885;1:0.5041],off,off,off,ef_particleafterburner,Burst.png,67,0,2,off,off,,separate color/alpha key timing
Assets/Resources/Prefabs/npc_exec_bot.prefab,particle_sec2muzburst2,6802972851864061164,1.5,1,0,0.2,0,0.6,0,point,0,1,25,"c0.28235:(1,0.7627636,0.7311321,1);a0:1;c1:(0.3962264,0.20081587,0.18503025,1);a1:1",curve[0:0.86885;1:0.5041],off,off,off,ef_sec2botrotarymuzzlesquint,Sec2RotaryMuzzleSquint.png,797,0,2,off,off,,
Assets/Resources/Prefabs/npc_exec_bot.prefab,particle_sec2muzburst (2),4546514724605684510,1.5,0,0,0.2,0,0.8,0,point,0,1,25,"c0.28235:(0.6981132,0.6981132,0.6981132,1);a0:1;c1:(0.41509432,0.41509432,0.41509432,1);a1:1",curve[0:0.86885;1:0.5041],off,off,off,ef_particleafterburner,Burst.png,67,0,2,off,off,,
Assets/Resources/Prefabs/npc_exec_bot.prefab,particle_sec2muzburst2,8892837186538809974,1.5,1,0,0.2,0,0.6,0,point,0,1,25,"c0.28235:(1,0.7627636,0.7311321,1);a0:1;c1:(0.3962264,0.20081587,0.18503025,1);a1:1",curve[0:0.86885;1:0.5041],off,off,off,ef_sec2botrotarymuzzlesquint,Sec2RotaryMuzzleSquint.png,797,0,2,off,off,,
Assets/Resources/Prefabs/npc_exec_bot.prefab,particle_sec2muzburst (4),6852143018923780929,1.5,0,0,0.2,0,0.8,0,point,0,1,25,"c0.28235:(0.6981132,0.6981132,0.6981132,1);a0:1;c1:(0.41509432,0.41509432,0.41509432,1);a1:1",curve[0:0.86885;1:0.5041],off,off,off,ef_particleafterburner,Burst.png,67,0,2,off,off,,
Assets/Resources/Prefabs/npc_exec_bot.prefab,particle_sec2muzburst2,3039034589808836712,1.5,1,0,0.2,0,0.6,0,point,0,1,25,"c0.28235:(1,0.7627636,0.7311321,1);a0:1;c1:(0.3962264,0.20081587,0.18503025,1);a1:1",curve[0:0.86885;1:0.5041],off,off,off,ef_sec2botrotarymuzzlesquint,Sec2RotaryMuzzleSquint.png,797,0,2,off,off,,
Assets/Resources/Prefabs/npc_exec_bot.prefab,particle_bits,6354721472392779754,1.5,0,0,0.5,5,0.02,0,sphere,1,0.3,25,"c0.28235:(0.9215687,0.9215687,0.9686275,1);a0:1;c1:(0.20784315,0.19607845,0.1764706,1);a1:1",curve[0:0.86885;1:0.5041],off,off,off,ef_onepixel,onepixel.png,579,0,2,off,off,shape:sphere,shape distribution/rotation
Assets/Resources/Prefabs/npc_flier_bot.prefab,particle_muzburst4,20297540,1.5,0,0,0.5,0,0.5,0,point,0,1,25,"c0.28235:(1,0.77254903,0.5294118,1);a0:1;c1:(0.38431373,0.39215687,0.39215687,1);a1:1",curve[0:0.86885;1:0.5041],off,off,off,ef_flierbotmuzzleburst2,npc_flierbot_muzzleburst2.png,557,0,2,off,off,,
Assets/Resources/Prefabs/npc_flier_bot.prefab,particle_muzburst3,596984030,1.5,0,0,0.5,0,0.5,0,point,0,1,25,"c0.28235:(1,0.91764706,0.69803923,1);a0:1;c1:(0.38431373,0.39215687,0.39215687,1);a1:1",curve[0:0.86885;1:0.5041],off,off,off,ef_flierbotmuzzleburst1,npc_flierbot_muzzleburst1.png,556,0,2,off,off,,
Assets/Resources/Prefabs/npc_flier_bot.prefab,particle_muzburst2,978977029,1.5,0,0,0.5,0,0.5,0,point,0,1,25,"c0.28235:(1,0.77254903,0.5294118,1);a0:1;c1:(0.38431373,0.39215687,0.39215687,1);a1:1",curve[0:0.86885;1:0.5041],off,off,off,ef_flierbotmuzzleburst2,npc_flierbot_muzzleburst2.png,557,0,2,off,off,,
Assets/Resources/Prefabs/npc_flier_bot.prefab,centerumbra,1308804530,1.5,0,10,1.5,0,0.5,0,point,0,1,25,"c0:(1,0.989412,0.8160377,1);a0:1;c1:(0.24313726,0.065291904,0.039215676,0.88235295);a0.55883:0.88235295;a1:0",curve[0:1;1:0],off,off,off,ef_particleafterburner,Burst.png,67,0,2,off,off,,separate color/alpha key timing
Assets/Resources/Prefabs/npc_flier_bot.prefab,particle_fliermuzburst,1583513071,1.5,0,0,0.5,0,0.5,0,point,0,1,25,"c0.28235:(1,0.91764706,0.69803923,1);a0:1;c1:(0.39215687,0.39215687,0.38431373,1);a1:1",curve[0:0.86885;1:0.5041],off,off,off,ef_flierbotmuzzleburst1,npc_flierbot_muzzleburst1.png,556,0,2,off,off,,
Assets/Resources/Prefabs/npc_flier_bot.prefab,smoke,321266753880603137,1,0,50,0.5,5,0.4..0.8,0,cone,2,0.05,5,"c0:(1,1,1,1);a0:1;c1:(1,1,1,0);a1:0",curve[0:0.23287;1:1],off,off,off,ef_particlesmokeblack,ParticleCloudBlack.png,582,0,2,off,off,shape:cone,shape distribution/rotation
Assets/Resources/Prefabs/npc_flier_bot.prefab,particle_muzburst3,723324585652505672,1.5,0,0,0.5,0,0.5,0,point,0,1,25,"c0.28235:(1,0.91764706,0.69803923,1);a0:1;c1:(0.38431373,0.39215687,0.39215687,1);a1:1",curve[0:0.86885;1:0.5041],off,off,off,ef_flierbotmuzzleburst1,npc_flierbot_muzzleburst1.png,556,0,2,off,off,,
Assets/Resources/Prefabs/npc_flier_bot.prefab,particle_fliermuzburst (1),6418551034942490144,1.5,0,0,0.5,0,0.5,0,point,0,1,25,"c0.28235:(1,0.91764706,0.69803923,1);a0:1;c1:(0.39215687,0.39215687,0.38431373,1);a1:1",curve[0:0.86885;1:0.5041],off,off,off,ef_flierbotmuzzleburst1,npc_flierbot_muzzleburst1.png,556,0,2,off,off,,
Assets/Resources/Prefabs/npc_flier_bot.prefab,particle_muzburst2,4945900613112249530,1.5,0,0,0.5,0,0.5,0,point,0,1,25,"c0.28235:(1,0.77254903,0.5294118,1);a0:1;c1:(0.38431373,0.39215687,0.39215687,1);a1:1",curve[0:0.86885;1:0.5041],off,off,off,ef_flierbotmuzzleburst2,npc_flierbot_muzzleburst2.png,557,0,2,off,off,,
Assets/Resources/Prefabs/npc_flier_bot.prefab,particle_muzburst4,8056504642539258960,1.5,0,0,0.5,0,0.5,0,point,0,1,25,"c0.28235:(1,0.77254903,0.5294118,1);a0:1;c1:(0.38431373,0.39215687,0.39215687,1);a1:1",curve[0:0.86885;1:0.5041],off,off,off,ef_flierbotmuzzleburst2,npc_flierbot_muzzleburst2.png,557,0,2,off,off,,
Assets/Resources/Prefabs/npc_flier_bot.prefab,subSparks (1),1809310224954267878,0.6,0,50,0.2..1,1..3,0.02,0.5,cone,2,0.1,25,"c0:(0.4433962,0.4433962,0.4433962,1);a0:1;c1:(1,1,1,1);a0.17353:1;a1:0",curve[0:1;1:0],off,off,off,ef_onepixelwhite|ef_messystreaktrail,white.png|MessyStreakTrail.png,881|538,0,2,off,off,shape:cone,shape distribution/rotation; separate color/alpha key timing
Assets/Resources/Prefabs/npc_flier_bot.prefab,subBurst,3658674859327615465,0.6,0,20,0.8,0,0.3,0,point(unity:17),0,0.3,25,off,curve[0:0.68493;0.66528:0.84216;1:0],off,off,off,ef_particleafterburner,Burst.png,67,0,2,off,off,shape:point(unity:17),shape distribution/rotation; unsupported Unity shape type 17
Assets/Resources/Prefabs/npc_flier_bot.prefab,deathBurst,426303558254477340,2,0,0,0.2..1,1..3,0.02,0.5,sphere,1,0.2,25,"c0:(1,1,1,1);a0:1;c1:(1,1,1,1);a0.17353:1;a1:0",curve[0:1;1:0],off,off,off,ef_onepixelwhite|ef_messystreaktrail,white.png|MessyStreakTrail.png,881|538,0,2,0.2,0.5,"shape:sphere,trail",shape distribution/rotation; separate color/alpha key timing
Assets/Resources/Prefabs/npc_flier_bot.prefab,centerumbra,244728843166325780,1.5,0,10,1.5,0,0.5,0,point,0,1,25,"c0:(1,0.989412,0.8160377,1);a0:1;c1:(0.24313726,0.065291904,0.039215676,0.88235295);a0.55883:0.88235295;a1:0",curve[0:1;1:0],off,off,off,ef_particleafterburner,Burst.png,67,0,2,off,off,,separate color/alpha key timing
Assets/Resources/Prefabs/npc_flier_bot.prefab,subSparks,4618541872431171563,0.6,0,50,0.2..1,1..3,0.02,0,sphere,1,0.3,25,"c0:(1,1,1,1);a0:1;c1:(1,1,1,1);a0.17353:1;a1:0",curve[0:1;1:0],off,off,off,ef_onepixelwhite|ef_messystreaktrail,white.png|MessyStreakTrail.png,881|538,0,2,off,off,shape:sphere,shape distribution/rotation; separate color/alpha key timing
Assets/Resources/Prefabs/npc_flier_bot.prefab,subSparks,8669553508582996431,0.6,0,50,0.2..1,1..3,0.02,0.5,cone,2,0.1,25,"c0:(0.4433962,0.4433962,0.4433962,1);a0:1;c1:(1,1,1,1);a0.17353:1;a1:0",curve[0:1;1:0],off,off,off,ef_onepixelwhite|ef_messystreaktrail,white.png|MessyStreakTrail.png,881|538,0,2,off,off,shape:cone,shape distribution/rotation; separate color/alpha key timing
Assets/Resources/Prefabs/npc_hopper.prefab,muzBurstHopper,529088222961993678,1,0,0,0.8,0,2,0,point,0,1,25,"c0:(1,0,0,1);a0:1;c1:(1,0,0,1);a1:1",curve[0:1;1:0.40183],off,off,off,ef_sec2botrotarymuzzlesquint,Sec2RotaryMuzzleSquint.png,797,0,2,off,off,,
Assets/Resources/Prefabs/npc_hopper.prefab,center,1501004398624129001,1,0,0,0.8,0,0.8,0,point,0,1,25,"c0:(1,0.98176885,0,1);a0:1;c1:(1,0,0,1);a1:1",curve[0:1;0.60804:1;1:0.74886],off,off,off,ef_particleafterburner,Burst.png,67,0,2,off,off,,
Assets/Resources/Prefabs/npc_hopper.prefab,rotatedSquint,32977623995314663,1,0,0,0.8,0,2,0,point,0,1,25,"c0:(1,0,0,1);a0:1;c1:(1,0,0,1);a1:1",curve[0:1;1:0.23287],off,off,off,ef_sec2botrotarymuzzlesquint,Sec2RotaryMuzzleSquint.png,797,0,2,off,off,,
Assets/Resources/Prefabs/npc_humanoid_mutant.prefab,deathBurstTempFX,1785291613711648797,1,0,0,1..1,0.8..1.5,0.2,0.5,cone,2,0.01,30,"c0:(0.53676474,0.0946143,0.019733984,1);a0:1;c1:(0.3455882,0.033034157,0.033034157,0.8156863);a0.65:0.8156863;a1:0",off,off,off,off,ef_particlesteam|ef_particlespray,ParticleCloudWhite.png|ParticleCloudWhite.png,583|583,0,2,0.6..0.6,1,"shape:cone,trail",shape distribution/rotation; separate color/alpha key timing
Assets/Resources/Prefabs/npc_maint_bot.prefab,deathFlames (5),598964489333703074,1.8,0,0,1.8,0,1,0,point,0,0.1,25,"c0:(1,1,1,1);a0:1;c1:(0.4666667,0.20000002,0,1);a0.84411:1;a1:0",curve[0:0.82273;0.99818:0.49091],off,off,tiles=8x4 frame=curve[0:0;1:0.9999],ef_particleflames,ParticleFlamesSheet.png,588,0,2,off,off,flipbook:8x4,separate color/alpha key timing
Assets/Resources/Prefabs/npc_maint_bot.prefab,deathSubBurst (2),5848775591072459202,0.5,0,100,0.4,3,0.02,0,cone,2,0.2,25,"c0:(1,1,1,1);a0:1;c0.72941:(1,0.6623117,0.1462264,1);a0.55294:1;c0.87648:(1,0,0,0);a1:0",off,off,off,off,ef_onepixel,onepixel.png,579,0,2,off,off,shape:cone,shape distribution/rotation
Assets/Resources/Prefabs/npc_maint_bot.prefab,muzzleLightning,76795980059141567,1,0,0,0.3,0,0.8,0,point,0,0.2,25,off,curve[0:0.51364;1:0.30455],off,off,off,ef_maintbotmuzzleburst,npc_maintbotmuzzburst.png,566,0,2,off,off,,
Assets/Resources/Prefabs/npc_maint_bot.prefab,deathFlames (2),7289404481756097976,1.6,0,0,1,0,1,0,point,0,0.1,25,"c0:(1,1,1,1);a0:1;c1:(0.4666667,0.20000002,0,1);a0.84411:1;a1:0",curve[0:0.82273;0.99818:0.49091],off,off,tiles=8x4 frame=curve[0:0;1:0.9999],ef_particleflames,ParticleFlamesSheet.png,588,0,2,off,off,flipbook:8x4,separate color/alpha key timing
Assets/Resources/Prefabs/npc_maint_bot.prefab,deathFlames (6),1539120804155581810,1.8,0,0,1.7,0,0.8,0,point,0,0.1,25,"c0:(1,1,1,1);a0:1;c1:(0.4666667,0.20000002,0,1);a0.84411:1;a1:0",curve[0:0.82273;0.99818:0.49091],off,off,tiles=8x4 frame=curve[0:0;1:0.9999],ef_particleflames,ParticleFlamesSheet.png,588,0,2,off,off,flipbook:8x4,separate color/alpha key timing
Assets/Resources/Prefabs/npc_maint_bot.prefab,deathFlames (1),6979012627845765239,1.6,0,0,1,0,1,0,point,0,0.1,25,"c0:(1,1,1,1);a0:1;c1:(0.4666667,0.20000002,0,1);a0.84411:1;a1:0",curve[0:0.82273;0.99818:0.49091],off,off,tiles=8x4 frame=curve[0:0;1:0.9999],ef_particleflames,ParticleFlamesSheet.png,588,0,2,off,off,flipbook:8x4,separate color/alpha key timing
Assets/Resources/Prefabs/npc_maint_bot.prefab,muzburstpixels,3699447807709823753,1,0,0,0.4,1..1.5,0.03,0,sphere,1,0.1,25,"c0:(0.9481132,0.99146825,1,1);a0:1;c0.17353:(0.8254717,0.9917869,1,1);a0.49117:1;a1:0",curve[0:0.51364;1:0.30455],off,off,off,ef_onepixel,onepixel.png,579,0,2,off,off,shape:sphere,shape distribution/rotation; separate color/alpha key timing
Assets/Resources/Prefabs/npc_maint_bot.prefab,deathFlames (4),4526773337877608329,1.6,0,0,1,0,0.5,0,point,0,0.1,25,"c0:(1,1,1,1);a0:1;c1:(0.4666667,0.20000002,0,1);a0.84411:1;a1:0",curve[0:0.82273;0.99818:0.49091],off,off,tiles=8x4 frame=curve[0:0;1:0.9999],ef_particleflames,ParticleFlamesSheet.png,588,0,2,off,off,flipbook:8x4,separate color/alpha key timing
Assets/Resources/Prefabs/npc_maint_bot.prefab,deathFlames (3),4770065639842578987,1.6,0,0,1,0,0.5,0,point,0,0.1,25,"c0:(1,1,1,1);a0:1;c1:(0.4666667,0.20000002,0,1);a0.84411:1;a1:0",curve[0:0.82273;0.99818:0.49091],off,off,tiles=8x4 frame=curve[0:0;1:0.9999],ef_particleflames,ParticleFlamesSheet.png,588,0,2,off,off,flipbook:8x4,separate color/alpha key timing
Assets/Resources/Prefabs/npc_maint_bot.prefab,deathSubBurst (1),2095427177493782351,1.6,0,0,0.5,3,0.02,0,sphere,1,0.1,25,off,off,off,off,off,ef_onepixel,onepixel.png,579,0,2,off,off,shape:sphere,shape distribution/rotation
Assets/Resources/Prefabs/npc_maint_bot.prefab,centerbright,4120643754580453872,1,0,0,0.2,0,0.6,0,point,0,0.1,25,"c0:(1,1,1,1);a0:1;c1:(0.745283,0.745283,0.745283,1);a0.49117:1;a1:0",curve[0:0.51364;1:0.30455],off,off,off,ef_particleafterburner,Burst.png,67,0,2,off,off,,separate color/alpha key timing
Assets/Resources/Prefabs/npc_mutant_cyborg.prefab,muzBurstMutCyborg,5463745810751940245,1.5,0,0,0.5,0,0.5,0,point,0,1,25,"c0:(0.67035997,1,0.11792451,1);a0:1;c1:(0.598614,0.8396226,0.19406372,1);a1:1",curve[0:0.74886;1:0.50685],off,off,off,ef_particleshockwave,<none>,?,0,2,off,off,,
Assets/Resources/Prefabs/npc_mutant_cyborg.prefab,muzBurstMutCyborg (1),7717777555508859523,1.5,0,0,0.5,0,0.5,0,point,0,1,25,"c0:(0.67035997,1,0.11792451,1);a0:1;c1:(0.598614,0.8396226,0.19406372,1);a1:1",curve[0:0.74886;1:0.50685],off,off,off,ef_particleshockwave,<none>,?,0,2,off,off,,
Assets/Resources/Prefabs/npc_plant_mutant.prefab,particle_bits,2648850282542587651,1.5,0,0,1.5,2..4,0.02,0.5,cone,2,0.1,50,"c0.28235:(0.69112325,0.990566,0.21026169,1);a0:1;c1:(0.1948859,0.20784314,0.1764706,1);a1:1",curve[0:0.86885;1:0.5041],off,off,off,ef_onepixel,onepixel.png,579,0,2,off,off,shape:cone,shape distribution/rotation
Assets/Resources/Prefabs/npc_plant_mutant.prefab,particle_deathburst,3844302803358840444,1.5,0,0,1,1..2,0.2..0.5,0.5,cone,2,0.1,25,"c0:(0.16246426,0.254717,0.054067295,1);a0:1;c1:(0.16246426,0.254717,0.054067295,1);a1:1",curve[0:0.86885;1:0.029214],off,off,off,ef_sec2botrotarybuzzleburst,Sec2RotaryMuzzleBurst.png,796,0,2,off,off,shape:cone,shape distribution/rotation
Assets/Resources/Prefabs/npc_plant_mutant.prefab,particle_bits (1),1573062734171044280,1.5,0,0,1.5,2..4,0.02,0.5,cone,2,0.1,50,"c0.28235:(0.8019765,0.9622642,0.29503384,1);a0:1;c1:(0.20784315,0.19607845,0.1764706,1);a1:1",curve[0:0.86885;1:0.5041],off,off,off,ef_onepixelwhite,white.png,881,0,2,off,off,shape:cone,shape distribution/rotation
Assets/Resources/Prefabs/npc_repairbot.prefab,particle_deathburst,4610633150529219418,1.5,0,0,0.2,0,1,0,point,0,1,25,"c0.28235:(0.6981132,0.6981132,0.6981132,1);a0:1;c1:(0.41509432,0.41509432,0.41509432,1);a1:1",curve[0:0.86885;1:0.5041],off,off,off,ef_particleafterburner,Burst.png,67,0,2,off,off,,
Assets/Resources/Prefabs/npc_repairbot.prefab,particle_bits,8571873347095256174,1.5,0,0,0.5,5,0.02,0,sphere,1,0.3,25,"c0.28235:(0.96862745,0.9598542,0.92156863,1);a0:1;c1:(0.20784315,0.19607845,0.1764706,1);a1:1",curve[0:0.86885;1:0.5041],off,off,off,ef_onepixel,onepixel.png,579,0,2,off,off,shape:sphere,shape distribution/rotation
Assets/Resources/Prefabs/npc_repairbot.prefab,particle_bits (1),5061240724627460187,1.5,0,0,0.5,3,0.02,0,sphere,1,0.3,25,"c0.28235:(0.96862745,0.95604247,0.92156863,1);a0:1;c1:(0.20784315,0.19607845,0.1764706,1);a1:1",curve[0:0.86885;1:0.5041],off,off,off,ef_onepixelwhite,white.png,881,0,2,off,off,shape:sphere,shape distribution/rotation
Assets/Resources/Prefabs/npc_repairbot.prefab,particle_sec2muzburst2 (1),3678281195475419610,1.5,0,0,0.2,0,3,0,point,0,1,25,"c0:(1,1,1,0.5176471);a0:0.5176471;c0.30588:(1,0.9322016,0.6666667,0);a1:0;c1:(0.39607844,0.38879183,0.18431371,1)",curve[0:0.86885;1:0.5041],off,off,off,ef_particleafterburner,Burst.png,67,0,2,off,off,,separate color/alpha key timing
Assets/Resources/Prefabs/npc_repairbot.prefab,particle_repairbotburst,1497114736534632792,1.5,0,0,0.7,0,2,0,point,0,1,25,"c0:(1,1,1,1);a0:1;c1:(1,1,1,1);a0.32941:1;a0.68824:0;a1:0",curve[0.005455:0.39546;0.26814:1;0.51215:0.87756;1:0.081818],off,off,off,ef_particlerepairebotburst,npc_repairbot_deathburst.png,571,0,2,off,off,,separate color/alpha key timing
Assets/Resources/Prefabs/npc_repairbot.prefab,particle_sec2muzburst2,2465709910620675768,1.5,0,0,0.2,0,2.5,0,point,0,1,25,"c0.28235:(1,1,1,1);a0:1;c1:(0.39607844,0.38879183,0.18431371,0.48235294);a1:0.48235294",curve[0:0.86885;1:0.5041],off,off,off,ef_sec2botrotarymuzzlesquint,Sec2RotaryMuzzleSquint.png,797,0,2,off,off,,
Assets/Resources/Prefabs/npc_sec1_bot.prefab,centerFlash (2),425805515535940893,1,0,0,0.3,3,0.02,0,sphere,1,0.2,25,off,off,off,off,off,ef_onepixelwhite,white.png,881,0,2,off,off,shape:sphere,shape distribution/rotation
Assets/Resources/Prefabs/npc_sec1_bot.prefab,centerFlash (1),4338036150801390386,1,0,0,0.3,0,1,0,point,0,1,25,"c0.3147:(0.15419187,0.9339623,0.36297336,1);a0:1;c1:(0.38431373,0.39215687,0.39215687,1);a1:1",off,off,off,off,ef_particleafterburner,Burst.png,67,0,2,off,off,,
Assets/Resources/Prefabs/npc_sec1_bot.prefab,centerFlash,7121555498780197710,1,0,0,0.3,0,2,0,point,0,1,25,"c0.3147:(0.15419187,0.9339623,0.36297336,1);a0:1;c1:(0.38431373,0.39215687,0.39215687,1);a1:1",curve[0:0.59612;0.25484:1;1:0],off,off,off,ef_particleafterburner,Burst.png,67,0,2,off,off,,
Assets/Resources/Prefabs/npc_sec1_bot.prefab,centerFlash (1),7165802689262392262,1,0,0,0.3,0,1,0,point,0,1,25,"c0.3147:(0.15419187,0.9339623,0.36297336,1);a0:1;c1:(0.38431373,0.39215687,0.39215687,1);a1:1",off,off,off,off,ef_particleafterburner,Burst.png,67,0,2,off,off,,
Assets/Resources/Prefabs/npc_sec1_bot.prefab,centerFlash (2),7578510808873399637,1,0,0,0.3,3,0.02,0,sphere,1,0.2,25,off,off,off,off,off,ef_onepixelwhite,white.png,881,0,2,off,off,shape:sphere,shape distribution/rotation
Assets/Resources/Prefabs/npc_sec1_bot.prefab,particle_sec2muzburst (2),6817541542189299054,1.5,0,0,0.2,0,1,0,point,0,1,25,"c0.28235:(0.6981132,0.6981132,0.6981132,1);a0:1;c1:(0.41509432,0.41509432,0.41509432,1);a1:1",curve[0:0.86885;1:0.5041],off,off,off,ef_particleafterburner,Burst.png,67,0,2,off,off,,
Assets/Resources/Prefabs/npc_sec1_bot.prefab,centerFlash (1),3607817733775483615,1,0,0,0.3,0,1,0,point,0,1,25,"c0.3147:(0.15419187,0.9339623,0.36297336,1);a0:1;c1:(0.38431373,0.39215687,0.39215687,1);a1:1",off,off,off,off,ef_particleafterburner,Burst.png,67,0,2,off,off,,
Assets/Resources/Prefabs/npc_sec1_bot.prefab,centerFlash (2),4156649157679228391,1,0,0,0.3,3,0.02,0,sphere,1,0.2,25,off,off,off,off,off,ef_onepixelwhite,white.png,881,0,2,off,off,shape:sphere,shape distribution/rotation
Assets/Resources/Prefabs/npc_sec1_bot.prefab,centerFlash (2),3548892947902450621,1,0,0,0.3,3,0.02,0,sphere,1,0.2,25,off,off,off,off,off,ef_onepixelwhite,white.png,881,0,2,off,off,shape:sphere,shape distribution/rotation
Assets/Resources/Prefabs/npc_sec1_bot.prefab,deathSubBurst,3401147149622606256,1,0,0,0.4,3,0.02,0,sphere,1,0.2,25,off,off,off,off,off,ef_onepixelwhite,white.png,881,0,2,off,off,shape:sphere,shape distribution/rotation
Assets/Resources/Prefabs/npc_sec1_bot.prefab,centerFlash,8920887491812867837,1,0,0,0.3,0,2,0,point,0,1,25,"c0.3147:(0.15419187,0.9339623,0.36297336,1);a0:1;c1:(0.38431373,0.39215687,0.39215687,1);a1:1",curve[0:0.59612;0.25484:1;1:0],off,off,off,ef_particleafterburner,Burst.png,67,0,2,off,off,,
Assets/Resources/Prefabs/npc_sec1_bot.prefab,particle_sec2muzburst2,1610455443590704726,1.5,0,0,0.2,0,0.8,0,point,0,1,25,"c0.28235:(1,0.7627636,0.7311321,1);a0:1;c1:(0.3962264,0.20081587,0.18503025,1);a1:1",curve[0:0.86885;1:0.5041],off,off,off,ef_sec2botrotarymuzzlesquint,Sec2RotaryMuzzleSquint.png,797,0,2,off,off,,
Assets/Resources/Prefabs/npc_sec1_bot.prefab,centerFlash,7319508048993839815,1,0,0,0.3,0,2,0,point,0,1,25,"c0.3147:(0.15419187,0.9339623,0.36297336,1);a0:1;c1:(0.38431373,0.39215687,0.39215687,1);a1:1",curve[0:0.59612;0.25484:1;1:0],off,off,off,ef_particleafterburner,Burst.png,67,0,2,off,off,,
Assets/Resources/Prefabs/npc_sec1_bot.prefab,deathSubBurst (1),5738716789992909374,1,0,0,0.4,3,0.02,0,sphere,1,0.2,25,off,off,off,off,off,ef_onepixelwhite,white.png,881,0,2,off,off,shape:sphere,shape distribution/rotation
Assets/Resources/Prefabs/npc_sec1_bot.prefab,deathSubBurst (2),3645359080954723978,1,0,0,0.4,3,0.02,0,sphere,1,0.2,25,off,off,off,off,off,ef_onepixelwhite,white.png,881,0,2,off,off,shape:sphere,shape distribution/rotation
Assets/Resources/Prefabs/npc_sec1_bot.prefab,centerFlash,647244276584886165,1,0,0,0.3,0,2,0,point,0,1,25,"c0.3147:(0.15419187,0.9339623,0.36297336,1);a0:1;c1:(0.38431373,0.39215687,0.39215687,1);a1:1",curve[0:0.59612;0.25484:1;1:0],off,off,off,ef_particleafterburner,Burst.png,67,0,2,off,off,,
Assets/Resources/Prefabs/npc_sec1_bot.prefab,particle_sec2muzburst2,4925497182587221521,1.5,0,0,0.2,0,0.8,0,point,0,1,25,"c0.28235:(1,0.7627636,0.7311321,1);a0:1;c1:(0.3962264,0.20081587,0.18503025,1);a1:1",curve[0:0.86885;1:0.5041],off,off,off,ef_sec2botrotarymuzzlesquint,Sec2RotaryMuzzleSquint.png,797,0,2,off,off,,
Assets/Resources/Prefabs/npc_sec1_bot.prefab,deathSubBurst (3),8136203898494454009,1,0,0,0.4,3,0.02,0,sphere,1,0.2,25,off,off,off,off,off,ef_onepixelwhite,white.png,881,0,2,off,off,shape:sphere,shape distribution/rotation
Assets/Resources/Prefabs/npc_sec1_bot.prefab,particle_sec2muzburst (1),2851350832447667817,1.5,0,0,0.2,0,1,0,point,0,1,25,"c0.28235:(0.6981132,0.6981132,0.6981132,1);a0:1;c1:(0.41509432,0.41509432,0.41509432,1);a1:1",curve[0:0.86885;1:0.5041],off,off,off,ef_particleafterburner,Burst.png,67,0,2,off,off,,
Assets/Resources/Prefabs/npc_sec1_bot.prefab,centerFlash (1),523598148321860545,1,0,0,0.3,0,1,0,point,0,1,25,"c0.3147:(0.15419187,0.9339623,0.36297336,1);a0:1;c1:(0.38431373,0.39215687,0.39215687,1);a1:1",off,off,off,off,ef_particleafterburner,Burst.png,67,0,2,off,off,,
Assets/Resources/Prefabs/npc_sec2_bot.prefab,particle_sec2muzburst,198714903818216579,1.5,1,0,0.5,0,0.6,0,point,0,1,25,"c0.28235:(1,0.91764706,0.69803923,1);a0:1;c1:(0.39215687,0.39215687,0.38431373,1);a1:1",curve[0:0.86885;1:0.5041],off,off,off,ef_sec2botmuzzleburst1,Sec2MuzzleBurst1.png,792,0,2,off,off,,
Assets/Resources/Prefabs/npc_sec2_bot.prefab,FlashSquint,198527363467496287,1.5,0,0,0.5,0,2,0,point,0,0.15,25,"c0:(0.62352943,0.5686275,0.4862745,1);a0:1;c0.39118:(1,0.57254905,0.11764706,1);a0.76765:1;c1:(0.21960784,0.050980393,0,0.37254903);a1:0.37254903",curve[0:0;0.9974:0.89754],off,off,off,ef_sec2botrotarymuzzlesquint,Sec2RotaryMuzzleSquint.png,797,0,2,off,off,,
Assets/Resources/Prefabs/npc_sec2_bot.prefab,particle_sec2muzburst4,198398553310941647,1.5,1,0,0.5,0,0.6,0,point,0,1,25,"c0.28235:(1,0.77254903,0.5294118,1);a0:1;c1:(0.38431373,0.39215687,0.39215687,1);a1:1",curve[0:0.86885;1:0.5041],off,off,off,ef_sec2botmuzzleburst4,Sec2MuzzleBurst4.png,795,0,2,off,off,,
Assets/Resources/Prefabs/npc_sec2_bot.prefab,particle_sec2muzburst2,198666615698461343,1.5,1,0,0.5,0,0.6,0,point,0,1,25,"c0.28235:(1,0.77254903,0.5294118,1);a0:1;c1:(0.38431373,0.39215687,0.39215687,1);a1:1",curve[0:0.86885;1:0.5041],off,off,off,ef_sec2botmuzzleburst2,Sec2MuzzleBurst2.png,793,0,2,off,off,,
Assets/Resources/Prefabs/npc_sec2_bot.prefab,particle_sec2muzburst3,198563243467373407,1.5,1,0,0.5,0,0.6,0,point,0,1,25,"c0.28235:(1,0.91764706,0.69803923,1);a0:1;c1:(0.38431373,0.39215687,0.39215687,1);a1:1",curve[0:0.86885;1:0.5041],off,off,off,ef_sec2botmuzzleburst3,Sec2MuzzleBurst3.png,794,0,2,off,off,,
Assets/Resources/Prefabs/npc_sec2_bot.prefab,particle_sec2rotmuzburst,198096053692062241,1.5,0,0,0.5,0,0.6,0,point,0,1,25,"c0.28235:(1,1,1,1);a0:1;c1:(0.38431373,0.39215687,0.39215687,1);a1:1",curve[0:0.86885;1:0.5041],off,off,off,ef_sec2botrotarybuzzleburst,Sec2RotaryMuzzleBurst.png,796,0,2,off,off,,
Assets/Resources/Prefabs/npc_sec2_bot.prefab,centerFlash,7493568740971142432,1,0,0,0.3,0,2,0,point,0,1,25,"c0.3147:(1,0.7879717,0.5613208,1);a0:1;c1:(0.38431373,0.39215687,0.39215687,1);a1:1",curve[0:0.59612;0.25484:1;1:0],off,off,off,ef_particleafterburner,Burst.png,67,0,2,off,off,,
Assets/Resources/Prefabs/npc_sec2_bot.prefab,centerFlash,7050133395524002344,1,0,0,0.3,0,1.5,0,point,0,1,25,"c0.3147:(1,0.7879717,0.5613208,1);a0:1;c1:(0.38431373,0.39215687,0.39215687,1);a1:1",curve[0:0.59612;0.25484:1;1:0],off,off,off,ef_particleafterburner,Burst.png,67,0,2,off,off,,
Assets/Resources/Prefabs/npc_sec2_bot.prefab,particle_sec2muzburst2,4939084374666379694,1.5,1,0,0.5,0,0.6,0,point,0,1,25,"c0.28235:(1,0.77254903,0.5294118,1);a0:1;c1:(0.38431373,0.39215687,0.39215687,1);a1:1",curve[0:0.86885;1:0.5041],off,off,off,ef_sec2botmuzzleburst2,Sec2MuzzleBurst2.png,793,0,2,off,off,,
Assets/Resources/Prefabs/npc_sec2_bot.prefab,particle_sec2muzburst4,863484114586519149,1.5,1,0,0.5,0,0.6,0,point,0,1,25,"c0.28235:(1,0.77254903,0.5294118,1);a0:1;c1:(0.38431373,0.39215687,0.39215687,1);a1:1",curve[0:0.86885;1:0.5041],off,off,off,ef_sec2botmuzzleburst4,Sec2MuzzleBurst4.png,795,0,2,off,off,,
Assets/Resources/Prefabs/npc_sec2_bot.prefab,centerFlash (2),5409163763128679010,1,0,0,0.3,3,0.02,0,sphere,1,0.2,25,off,off,off,off,off,ef_onepixel,onepixel.png,579,0,2,off,off,shape:sphere,shape distribution/rotation
Assets/Resources/Prefabs/npc_sec2_bot.prefab,particle_sec2muzburst (7),3883038831303625581,1.5,1,0,0.5,0,0.6,0,point,0,1,25,"c0.28235:(1,0.91764706,0.69803923,1);a0:1;c1:(0.39215687,0.39215687,0.38431373,1);a1:1",curve[0:0.86885;1:0.5041],off,off,off,ef_sec2botmuzzleburst1,Sec2MuzzleBurst1.png,792,0,2,off,off,,
Assets/Resources/Prefabs/npc_sec2_bot.prefab,deathSubBurst (1),8681355444030005366,1,0,0,0.4,3,0.02,0,sphere,1,0.2,25,off,off,off,off,off,ef_onepixel,onepixel.png,579,0,2,off,off,shape:sphere,shape distribution/rotation
Assets/Resources/Prefabs/npc_sec2_bot.prefab,particle_sec2muzburst4,1335510531969978544,1.5,1,0,0.5,0,0.6,0,point,0,1,25,"c0.28235:(1,0.77254903,0.5294118,1);a0:1;c1:(0.38431373,0.39215687,0.39215687,1);a1:1",curve[0:0.86885;1:0.5041],off,off,off,ef_sec2botmuzzleburst4,Sec2MuzzleBurst4.png,795,0,2,off,off,,
Assets/Resources/Prefabs/npc_sec2_bot.prefab,particle_sec2muzburst2,8283445325044809824,1.5,1,0,0.5,0,0.6,0,point,0,1,25,"c0.28235:(1,0.77254903,0.5294118,1);a0:1;c1:(0.38431373,0.39215687,0.39215687,1);a1:1",curve[0:0.86885;1:0.5041],off,off,off,ef_sec2botmuzzleburst2,Sec2MuzzleBurst2.png,793,0,2,off,off,,
Assets/Resources/Prefabs/npc_sec2_bot.prefab,particle_sec2muzburst3,6426301901074128883,1.5,1,0,0.5,0,0.6,0,point,0,1,25,"c0.28235:(1,0.91764706,0.69803923,1);a0:1;c1:(0.38431373,0.39215687,0.39215687,1);a1:1",curve[0:0.86885;1:0.5041],off,off,off,ef_sec2botmuzzleburst3,Sec2MuzzleBurst3.png,794,0,2,off,off,,
Assets/Resources/Prefabs/npc_sec2_bot.prefab,particle_sec2muzburst3,7652748326825255935,1.5,1,0,0.5,0,0.6,0,point,0,1,25,"c0.28235:(1,0.91764706,0.69803923,1);a0:1;c1:(0.38431373,0.39215687,0.39215687,1);a1:1",curve[0:0.86885;1:0.5041],off,off,off,ef_sec2botmuzzleburst3,Sec2MuzzleBurst3.png,794,0,2,off,off,,
Assets/Resources/Prefabs/npc_sec2_bot.prefab,particle_sec2muzburst2,4666179746691806090,1.5,1,0,0.5,0,0.6,0,point,0,1,25,"c0.28235:(1,0.77254903,0.5294118,1);a0:1;c1:(0.38431373,0.39215687,0.39215687,1);a1:1",curve[0:0.86885;1:0.5041],off,off,off,ef_sec2botmuzzleburst2,Sec2MuzzleBurst2.png,793,0,2,off,off,,
Assets/Resources/Prefabs/npc_sec2_bot.prefab,deathSubBurst,4361478166319448898,1,0,0,0.4,3,0.02,0,sphere,1,0.2,25,off,off,off,off,off,ef_onepixel,onepixel.png,579,0,2,off,off,shape:sphere,shape distribution/rotation
Assets/Resources/Prefabs/npc_sec2_bot.prefab,particle_sec2muzburst (1),6091164760806561521,1.5,1,0,0.5,0,0.6,0,point,0,1,25,"c0.28235:(1,0.91764706,0.69803923,1);a0:1;c1:(0.39215687,0.39215687,0.38431373,1);a1:1",curve[0:0.86885;1:0.5041],off,off,off,ef_sec2botmuzzleburst1,Sec2MuzzleBurst1.png,792,0,2,off,off,,
Assets/Resources/Prefabs/npc_sec2_bot.prefab,particle_sec2muzburst (3),5535931477395062012,1.5,1,0,0.5,0,0.6,0,point,0,1,25,"c0.28235:(1,0.91764706,0.69803923,1);a0:1;c1:(0.39215687,0.39215687,0.38431373,1);a1:1",curve[0:0.86885;1:0.5041],off,off,off,ef_sec2botmuzzleburst1,Sec2MuzzleBurst1.png,792,0,2,off,off,,
Assets/Resources/Prefabs/npc_sec2_bot.prefab,centerFlash (2),3851337141157616,1,0,0,0.3,3,0.02,0,sphere,1,0.2,25,off,off,off,off,off,ef_onepixel,onepixel.png,579,0,2,off,off,shape:sphere,shape distribution/rotation
Assets/Resources/Prefabs/npc_sec2_bot.prefab,deathSubBurst (2),7515043931403778278,1,0,0,0.4,3,0.02,0,sphere,1,0.2,25,off,off,off,off,off,ef_onepixel,onepixel.png,579,0,2,off,off,shape:sphere,shape distribution/rotation
Assets/Resources/Prefabs/npc_sec2_bot.prefab,particle_sec2muzburst3,4517721685138285111,1.5,1,0,0.5,0,0.6,0,point,0,1,25,"c0.28235:(1,0.91764706,0.69803923,1);a0:1;c1:(0.38431373,0.39215687,0.39215687,1);a1:1",curve[0:0.86885;1:0.5041],off,off,off,ef_sec2botmuzzleburst3,Sec2MuzzleBurst3.png,794,0,2,off,off,,
Assets/Resources/Prefabs/npc_sec2_bot.prefab,particle_sec2muzburst4,1102663901165202333,1.5,1,0,0.5,0,0.6,0,point,0,1,25,"c0.28235:(1,0.77254903,0.5294118,1);a0:1;c1:(0.38431373,0.39215687,0.39215687,1);a1:1",curve[0:0.86885;1:0.5041],off,off,off,ef_sec2botmuzzleburst4,Sec2MuzzleBurst4.png,795,0,2,off,off,,
Assets/Resources/Prefabs/npc_sec2_bot.prefab,centerFlash (1),4635849031898506996,1,0,0,0.3,0,0.75,0,point,0,1,25,"c0.3147:(1,0.7879717,0.5613208,1);a0:1;c1:(0.38431373,0.39215687,0.39215687,1);a1:1",off,off,off,off,ef_particleafterburner,Burst.png,67,0,2,off,off,,
Assets/Resources/Prefabs/npc_sec2_bot.prefab,particle_sec2muzburst2,3881759999248531921,1.5,1,0,0.5,0,0.6,0,point,0,1,25,"c0.28235:(1,0.77254903,0.5294118,1);a0:1;c1:(0.38431373,0.39215687,0.39215687,1);a1:1",curve[0:0.86885;1:0.5041],off,off,off,ef_sec2botmuzzleburst2,Sec2MuzzleBurst2.png,793,0,2,off,off,,
Assets/Resources/Prefabs/npc_sec2_bot.prefab,particle_sec2muzburst (5),6379049142282973811,1.5,1,0,0.5,0,0.6,0,point,0,1,25,"c0.28235:(1,0.91764706,0.69803923,1);a0:1;c1:(0.39215687,0.39215687,0.38431373,1);a1:1",curve[0:0.86885;1:0.5041],off,off,off,ef_sec2botmuzzleburst1,Sec2MuzzleBurst1.png,792,0,2,off,off,,
Assets/Resources/Prefabs/npc_sec2_bot.prefab,centerFlash (1),5412543774591484662,1,0,0,0.3,0,1,0,point,0,1,25,"c0.3147:(1,0.7879717,0.5613208,1);a0:1;c1:(0.38431373,0.39215687,0.39215687,1);a1:1",off,off,off,off,ef_particleafterburner,Burst.png,67,0,2,off,off,,
Assets/Resources/Prefabs/npc_sec2_bot.prefab,particle_sec2muzburst2,734086791877887428,1.5,1,0,0.5,0,0.6,0,point,0,1,25,"c0.28235:(1,0.77254903,0.5294118,1);a0:1;c1:(0.38431373,0.39215687,0.39215687,1);a1:1",curve[0:0.86885;1:0.5041],off,off,off,ef_sec2botmuzzleburst2,Sec2MuzzleBurst2.png,793,0,2,off,off,,
Assets/Resources/Prefabs/npc_sec2_bot.prefab,centerFlash (1),4375376898817252694,1,0,0,0.3,0,1,0,point,0,1,25,"c0.3147:(1,0.7879717,0.5613208,1);a0:1;c1:(0.38431373,0.39215687,0.39215687,1);a1:1",off,off,off,off,ef_particleafterburner,Burst.png,67,0,2,off,off,,
Assets/Resources/Prefabs/npc_sec2_bot.prefab,particle_sec2muzburst4,4478752262978928564,1.5,1,0,0.5,0,0.6,0,point,0,1,25,"c0.28235:(1,0.77254903,0.5294118,1);a0:1;c1:(0.38431373,0.39215687,0.39215687,1);a1:1",curve[0:0.86885;1:0.5041],off,off,off,ef_sec2botmuzzleburst4,Sec2MuzzleBurst4.png,795,0,2,off,off,,
Assets/Resources/Prefabs/npc_sec2_bot.prefab,particle_sec2muzburst4,3935500407723233985,1.5,1,0,0.5,0,0.6,0,point,0,1,25,"c0.28235:(1,0.77254903,0.5294118,1);a0:1;c1:(0.38431373,0.39215687,0.39215687,1);a1:1",curve[0:0.86885;1:0.5041],off,off,off,ef_sec2botmuzzleburst4,Sec2MuzzleBurst4.png,795,0,2,off,off,,
Assets/Resources/Prefabs/npc_sec2_bot.prefab,particle_sec2muzburst (2),6220942338586932379,1.5,1,0,0.5,0,0.6,0,point,0,1,25,"c0.28235:(1,0.91764706,0.69803923,1);a0:1;c1:(0.39215687,0.39215687,0.38431373,1);a1:1",curve[0:0.86885;1:0.5041],off,off,off,ef_sec2botmuzzleburst1,Sec2MuzzleBurst1.png,792,0,2,off,off,,
Assets/Resources/Prefabs/npc_sec2_bot.prefab,particle_sec2muzburst (6),7906778415838736888,1.5,1,0,0.5,0,0.6,0,point,0,1,25,"c0.28235:(1,0.91764706,0.69803923,1);a0:1;c1:(0.39215687,0.39215687,0.38431373,1);a1:1",curve[0:0.86885;1:0.5041],off,off,off,ef_sec2botmuzzleburst1,Sec2MuzzleBurst1.png,792,0,2,off,off,,
Assets/Resources/Prefabs/npc_sec2_bot.prefab,particle_sec2muzburst4,9175665001492976481,1.5,1,0,0.5,0,0.6,0,point,0,1,25,"c0.28235:(1,0.77254903,0.5294118,1);a0:1;c1:(0.38431373,0.39215687,0.39215687,1);a1:1",curve[0:0.86885;1:0.5041],off,off,off,ef_sec2botmuzzleburst4,Sec2MuzzleBurst4.png,795,0,2,off,off,,
Assets/Resources/Prefabs/npc_sec2_bot.prefab,particle_sec2muzburst (4),5456197836173525085,1.5,1,0,0.5,0,0.6,0,point,0,1,25,"c0.28235:(1,0.91764706,0.69803923,1);a0:1;c1:(0.39215687,0.39215687,0.38431373,1);a1:1",curve[0:0.86885;1:0.5041],off,off,off,ef_sec2botmuzzleburst1,Sec2MuzzleBurst1.png,792,0,2,off,off,,
Assets/Resources/Prefabs/npc_sec2_bot.prefab,particle_sec2muzburst2,952620962370417842,1.5,1,0,0.5,0,0.6,0,point,0,1,25,"c0.28235:(1,0.77254903,0.5294118,1);a0:1;c1:(0.38431373,0.39215687,0.39215687,1);a1:1",curve[0:0.86885;1:0.5041],off,off,off,ef_sec2botmuzzleburst2,Sec2MuzzleBurst2.png,793,0,2,off,off,,
Assets/Resources/Prefabs/npc_sec2_bot.prefab,particle_sec2muzburst4,4343449145263853237,1.5,1,0,0.5,0,0.6,0,point,0,1,25,"c0.28235:(1,0.77254903,0.5294118,1);a0:1;c1:(0.38431373,0.39215687,0.39215687,1);a1:1",curve[0:0.86885;1:0.5041],off,off,off,ef_sec2botmuzzleburst4,Sec2MuzzleBurst4.png,795,0,2,off,off,,
Assets/Resources/Prefabs/npc_sec2_bot.prefab,particle_sec2muzburst3,5267596650641584733,1.5,1,0,0.5,0,0.6,0,point,0,1,25,"c0.28235:(1,0.91764706,0.69803923,1);a0:1;c1:(0.38431373,0.39215687,0.39215687,1);a1:1",curve[0:0.86885;1:0.5041],off,off,off,ef_sec2botmuzzleburst3,Sec2MuzzleBurst3.png,794,0,2,off,off,,
Assets/Resources/Prefabs/npc_sec2_bot.prefab,centerFlash (2),663936416827382467,1,0,0,0.3,3,0.02,0,sphere,1,0.2,25,off,off,off,off,off,ef_onepixel,onepixel.png,579,0,2,off,off,shape:sphere,shape distribution/rotation
Assets/Resources/Prefabs/npc_sec2_bot.prefab,particle_sec2muzburst3,4680389051324235831,1.5,1,0,0.5,0,0.6,0,point,0,1,25,"c0.28235:(1,0.91764706,0.69803923,1);a0:1;c1:(0.38431373,0.39215687,0.39215687,1);a1:1",curve[0:0.86885;1:0.5041],off,off,off,ef_sec2botmuzzleburst3,Sec2MuzzleBurst3.png,794,0,2,off,off,,
Assets/Resources/Prefabs/npc_sec2_bot.prefab,particle_sec2muzburst3,7233950375373574882,1.5,1,0,0.5,0,0.6,0,point,0,1,25,"c0.28235:(1,0.91764706,0.69803923,1);a0:1;c1:(0.38431373,0.39215687,0.39215687,1);a1:1",curve[0:0.86885;1:0.5041],off,off,off,ef_sec2botmuzzleburst3,Sec2MuzzleBurst3.png,794,0,2,off,off,,
Assets/Resources/Prefabs/npc_sec2_bot.prefab,particle_sec2muzburst2,3619580075578509166,1.5,1,0,0.5,0,0.6,0,point,0,1,25,"c0.28235:(1,0.77254903,0.5294118,1);a0:1;c1:(0.38431373,0.39215687,0.39215687,1);a1:1",curve[0:0.86885;1:0.5041],off,off,off,ef_sec2botmuzzleburst2,Sec2MuzzleBurst2.png,793,0,2,off,off,,
Assets/Resources/Prefabs/npc_sec2_bot.prefab,centerFlash,8497631244491774596,1,0,0,0.3,0,2,0,point,0,1,25,"c0.3147:(1,0.7879717,0.5613208,1);a0:1;c1:(0.38431373,0.39215687,0.39215687,1);a1:1",curve[0:0.59612;0.25484:1;1:0],off,off,off,ef_particleafterburner,Burst.png,67,0,2,off,off,,
Assets/Resources/Prefabs/npc_sec2_bot.prefab,particle_sec2muzburst3,5439878368382503581,1.5,1,0,0.5,0,0.6,0,point,0,1,25,"c0.28235:(1,0.91764706,0.69803923,1);a0:1;c1:(0.38431373,0.39215687,0.39215687,1);a1:1",curve[0:0.86885;1:0.5041],off,off,off,ef_sec2botmuzzleburst3,Sec2MuzzleBurst3.png,794,0,2,off,off,,
Assets/Resources/Prefabs/npc_servbot.prefab,deathBurst,4519521979734676936,1.5,0,0,0.8,5..8,0.1..0.15,2,cone,2,0.3,30,off,off,off,off,off,ef_gunhit,gunhit.png,387,0,2,off,off,shape:cone,shape distribution/rotation
Assets/Resources/Prefabs/npc_virus_mutant.prefab,ef_particle_bloodspurtsmallyellow,8393422746423834908,1,0,0,0.6..0.6,2..4,0.3,0.8,cone,2,0.01,30,"c0:(0.5296333,0.53676474,0.019733952,1);a0:1;c1:(0.32834384,0.3455882,0.03303414,0.8156863);a0.65:0.8156863;a1:0",off,off,off,off,ef_particlesteam|ef_particlespray,ParticleCloudWhite.png|ParticleCloudWhite.png,583|583,0,2,0.6..0.6,1,"shape:cone,trail",shape distribution/rotation; separate color/alpha key timing
Assets/Resources/Prefabs/npc_virus_mutant.prefab,ef_particle_bloodspurttiny,8087465183864067055,1,0,0,0.6..0.6,2.5..5,0.2,0.8,cone,2,0.01,30,"c0:(0.53676474,0.30855805,0.019733952,1);a0:1;c1:(0.3455882,0.29816622,0.03303414,1);a0.86471:1;a1:0",off,off,off,off,ef_particlesteam|ef_particlespray,ParticleCloudWhite.png|ParticleCloudWhite.png,583|583,0,2,0.6..0.6,1,"shape:cone,trail",shape distribution/rotation; separate color/alpha key timing
Assets/Resources/Prefabs/proj_enemshot2.prefab,proj_enemshot2,5264144127124768459,15,1,0,15,0,0.6,0,point,0,1,25,off,off,off,off,off,ef_enemshot2,EnemShot2.png,252,0,2,off,off,,
Assets/Resources/Prefabs/proj_enemshot2.prefab,Dripping,7354209944011613462,15,1,3,3,0,0.15,0.8,sphere,1,0.15,25,"c0:(0.69803923,0,0.02745098,1);a0:1;c1:(0.654902,0,0.015686275,1);a1:1",off,off,off,off,ef_enemshot2bits,BurstTiny.png,69,0,2,off,off,shape:sphere,shape distribution/rotation
Assets/Resources/Prefabs/proj_enemshot4.prefab,proj_enemshot4,8380083476850500449,15,0,0,15,0,0.8,0,point,0,1,25,off,off,off,off,tiles=2x2 frame=curve[0:0;1:0.9999],ef_enemshot4_sheet,sheet_enemshot4.png,805,0,2,off,off,flipbook:2x2,
Assets/Resources/Prefabs/proj_enemshot4.prefab,particle_spits,5297917633148257295,15,0,30,1,0.5..1,0.015,0,sphere,1,0.02,25,off,off,off,off,off,ef_onepixelwhite,white.png,881,0,2,off,off,shape:sphere,shape distribution/rotation
Assets/Resources/Prefabs/proj_enemshot5.prefab,proj_enemshot5,8716158890619186887,15,1,0,15,0,0.6,0,point,0,1,25,off,off,off,off,off,ef_enemshot5,546_0164.png,2043,0,2,off,off,,
Assets/Resources/Prefabs/proj_enemshot6.prefab,proj_enemshot6,7589772033219404737,15,1,0,15,0,0.6,0,point,0,1,25,off,off,off,off,off,ef_enemshot6,546_0167.png,2044,0,2,off,off,,
Assets/Resources/Prefabs/proj_magpulse_shot.prefab,proj_magpulse_shot,3584270327507152848,15,0,10,15,0,1,0,point,0,1,25,off,off,off,off,off,ef_magpulse_bullet,magshot01.png,?,0,2,off,off,,
Assets/Resources/Prefabs/proj_magpulse_shot.prefab,sparks_spits,8798799646645515131,0.5,1,10,1,5,0.08,1,sphere,1,0.25,25,off,curve[0:0.8;1:0.18802],off,off,off,ef_magpulse_sparks,magshot02.png,429,0,2,off,off,shape:sphere,shape distribution/rotation
Assets/Resources/Prefabs/proj_magpulsenpc_shot.prefab,sparks_spits,8137618463798832630,0.5,1,10,1,5,0.08,1,sphere,1,0.25,25,off,curve[0:0.8;1:0.18802],off,off,off,ef_magpulse_sparks,magshot02.png,429,0,2,off,off,shape:sphere,shape distribution/rotation
Assets/Resources/Prefabs/proj_magpulsenpc_shot.prefab,proj_magpulsenpc_shot,4198506626807525123,15,0,10,15,0,1,0,point,0,1,25,off,off,off,off,off,ef_magpulse_bullet,magshot01.png,?,0,2,off,off,,
Assets/Resources/Prefabs/proj_plasmarifle_shot.prefab,proj_plasmarifle_shot,3375272468709215336,15,0,10,15,0,1,0,point,0,1,25,off,off,off,off,tiles=2x2 frame=curve[0:0;1:0.9999],ef_plasmarifleshot,sheet_plasmashot.png,809,0,2,off,off,flipbook:2x2,
Assets/Resources/Prefabs/proj_rail_shot.prefab,railshot_smoke,2938463503756543088,15,0,80,0.5..0.5,1..1,0.1..0.2,0,sphere,1,0.1,25,"c0.01471:(0.83823526,0.83823526,0.83823526,1);a0:1;c1:(0.53676474,0.53676474,0.53676474,0);a0.52059:0",curve[0:0.55071;1:4],off,0..0,off,ef_particlesmokemobile,ParticleCloudWhite.png,583,0,2,off,off,shape:sphere,shape distribution/rotation
Assets/Resources/Prefabs/proj_rail_shot.prefab,proj_rail_shot,4461634977540492601,15,0,10,15,0,0.3,0,point,0,1,25,off,off,off,off,off,ef_railshot,railshot.png,663,0,2,off,off,,
Assets/Resources/Prefabs/proj_railnpc_shot.prefab,railshot_smoke,984484026347810829,15,0,80,0.5..0.5,1..1,0.1..0.2,0,sphere,1,0.1,25,"c0.01471:(0.83823526,0.83823526,0.83823526,1);a0:1;c1:(0.53676474,0.53676474,0.53676474,0);a0.52059:0",curve[0:0.55071;1:4],off,0..0,off,ef_particlesmokemobile,ParticleCloudWhite.png,583,0,2,off,off,shape:sphere,shape distribution/rotation
Assets/Resources/Prefabs/proj_railnpc_shot.prefab,proj_railnpc_shot,9076933243682276372,15,0,10,15,0,0.3,0,point,0,1,25,off,off,off,off,off,ef_railshot,railshot.png,663,0,2,off,off,,
Assets/Resources/Prefabs/proj_stungun_shot.prefab,proj_stungun_shot,359485939217679703,15,0,10,15,0,1,0,point,0,1,25,off,off,off,off,off,ef_stungunwave,Sparqwave.png,820,0,2,off,off,,
Assets/Resources/Prefabs/proj_stungun_shot.prefab,stungun_halo,2803204914070335520,15,0,10,15,0,1.25,0,point,0,1,25,off,off,off,0,off,ef_stungunshot,stunshot.png,835,0,2,off,off,,
Assets/Resources/Prefabs/prop_sparkingwire.prefab,particle_sparkssmall,8576252055211947690,8.25,1,0,0.3..0.5,2..5,0.01,0,cone,2,0.03,20,"c0:(1,0.99036515,0.8602941,1);a0:1;c0.47353:(1,0.829716,0.46323532,1);a0.61471:1;c1:(0.7941176,0.3795415,0.3795415,0);a1:0",off,off,off,off,ef_particleglow|ef_particlespark,Burst.png|Spark.png,67|817,0,2,0.08..0.15,1,"shape:cone,trail",shape distribution/rotation
